stix-_eqgtr,6856
stix-_eqless,6856
MnSymbol-_sum,5835
fdsymbol-_sum,5835
fdsymbol-_varsum,5835
latex2e-_Sigma,5835
latex2e-_sum,5835
stix-_sum,5835
upgreek-_Upsigma,5835
MnSymbol-_bigovert,5169
MnSymbol-_overt,5169
stix-_circledvert,5169
stix-_circlehbar,5169
stix-_obar,5169
stmaryrd-_baro,5169
stmaryrd-_minuso,5169
stmaryrd-_obar,5169
stmaryrd-_varobar,5169
txfonts-_circledbar,5169
MnSymbol-_ngtr,5016
MnSymbol-_nless,5016
amssymb-_ngtr,5016
amssymb-_nless,5016
stix-_ngtr,5016
stix-_nless,5016
MnSymbol-_bigotimes,4969
MnSymbol-_otimes,4969
fdsymbol-_bigotimes,4969
latex2e-_bigotimes,4969
latex2e-_otimes,4969
logix-_CircTimes,4969
mathabx-_otimes,4969
stix-_bigotimes,4969
stix-_otimes,4969
stmaryrd-_varotimes,4969
amssymb-_barwedge,4943
amssymb-_veebar,4943
fdsymbol-_barwedge,4943
fdsymbol-_veebar,4943
logix-_Nand,4943
logix-_Xor,4943
mathabx-_barwedge,4943
mathabx-_veebar,4943
stix-_barwedge,4943
stix-_varbarwedge,4943
stix-_varveebar,4943
stix-_veebar,4943
logix-_CircNd,4875
logix-_CircOr,4875
stix-_ogreaterthan,4875
stix-_olessthan,4875
stmaryrd-_ogreaterthan,4875
stmaryrd-_olessthan,4875
stmaryrd-_ovee,4875
stmaryrd-_owedge,4875
stmaryrd-_varogreaterthan,4875
stmaryrd-_varolessthan,4875
stmaryrd-_varovee,4875
stmaryrd-_varowedge,4875
txfonts-_circledgtr,4875
txfonts-_circledless,4875
txfonts-_circledvee,4875
txfonts-_circledwedge,4875
MnSymbol-_bigvee,4836
MnSymbol-_bigwedge,4836
MnSymbol-_gtr,4836
MnSymbol-_less,4836
MnSymbol-_vee,4836
MnSymbol-_wedge,4836
fdsymbol-_bigvee,4836
fdsymbol-_bigwedge,4836
fdsymbol-_vee,4836
fdsymbol-_wedge,4836
latex2e-_Lambda,4836
latex2e-_bigvee,4836
latex2e-_bigwedge,4836
latex2e-_land,4836
latex2e-_lor,4836
latex2e-_textgreater,4836
latex2e-_textless,4836
latex2e-_vee,4836
latex2e-_wedge,4836
logix-_Nd,4836
logix-_Nor,4836
logix-_Or,4836
mathabx-_vee,4836
mathabx-_wedge,4836
stix-_barvee,4836
stix-_bigvee,4836
stix-_bigwedge,4836
stix-_midbarvee,4836
stix-_midbarwedge,4836
stix-_vee,4836
stix-_wedge,4836
stix-_wedgebar,4836
tipa-_textlptr,4836
tipa-_textrptr,4836
tipa-_textturnv,4836
upgreek-_Uplambda,4836
stix-_lowint,4403
stix-_lowintup,4403
stix-_upint,4403
stix-_upintup,4403
MnSymbol-_int,4394
fdsymbol-_int,4394
latex2e-_int,4394
stix-_int,4394
stix-_intup,4394
tipa-_textesh,4394
mathabx-_nsubset,4043
MnSymbol-_bigcap,4040
MnSymbol-_bigcup,4040
MnSymbol-_cap,4040
MnSymbol-_cup,4040
fdsymbol-_bigcap,4040
fdsymbol-_bigcup,4040
fdsymbol-_cap,4040
fdsymbol-_cup,4040
latex2e-_bigcap,4040
latex2e-_bigcup,4040
latex2e-_cap,4040
latex2e-_cup,4040
latex2e-_not_subset,4040
latex2e-_not_supset,4040
latex2e-_subset,4040
latex2e-_supset,4040
logix-_ClsImpl,4040
logix-_NotClsImpl,4040
mathabx-_cap,4040
mathabx-_cup,4040
mathabx-_nsupset,4040
mathabx-_subset,4040
mathabx-_supset,4040
stix-_barcap,4040
stix-_barcup,4040
stix-_bigcap,4040
stix-_bigcup,4040
stix-_bsolhsub,4040
stix-_cap,4040
stix-_cup,4040
stix-_nsubset,4040
stix-_nsupset,4040
stix-_subset,4040
stix-_suphsol,4040
stix-_supset,4040
tipa-_textscu,4040
MnSymbol-_ngtrclosed,3925
MnSymbol-_nlessclosed,3925
amssymb-_ntriangleleft,3925
amssymb-_ntriangleright,3925
MnSymbol-_bigotriangle,3912
MnSymbol-_otriangle,3912
mathabx-_otriangleup,3912
mathabx-_boxtriangleup,3901
MnSymbol-_filledmedtriangleleft,3898
MnSymbol-_filledmedtriangleright,3898
MnSymbol-_filledtriangleleft,3898
MnSymbol-_filledtriangleright,3898
MnSymbol-_gtrclosed,3898
MnSymbol-_lessclosed,3898
MnSymbol-_medtriangledown,3898
MnSymbol-_medtriangleleft,3898
MnSymbol-_medtriangleright,3898
MnSymbol-_medtriangleup,3898
MnSymbol-_smalltriangledown,3898
MnSymbol-_smalltriangleleft,3898
MnSymbol-_smalltriangleright,3898
MnSymbol-_smalltriangleup,3898
amssymb-_blacktriangleleft,3898
amssymb-_blacktriangleright,3898
amssymb-_triangledown,3898
amssymb-_vartriangle,3898
amssymb-_vartriangleleft,3898
amssymb-_vartriangleright,3898
latex2e-_Delta,3898
latex2e-_bigtriangledown,3898
latex2e-_bigtriangleup,3898
latex2e-_nabla,3898
latex2e-_triangle,3898
latex2e-_triangleleft,3898
latex2e-_triangleright,3898
mathabx-_blacktriangleleft,3898
mathabx-_blacktriangleright,3898
mathabx-_smalltriangledown,3898
mathabx-_smalltriangleleft,3898
mathabx-_smalltriangleright,3898
mathabx-_smalltriangleup,3898
stix-_lhd,3898
stix-_rhd,3898
stix-_triangle,3898
stix-_triangleserifs,3898
upgreek-_Updelta,3898
wasysym-_LEFTarrow,3898
wasysym-_LHD,3898
wasysym-_RHD,3898
wasysym-_RIGHTarrow,3898
wasysym-_lhd,3898
wasysym-_rhd,3898
fdsymbol-_nin,3574
latex2e-_notin,3574
MnSymbol-_nleftarrow,3565
MnSymbol-_nrightarrow,3565
amssymb-_nleftarrow,3565
amssymb-_nrightarrow,3565
mathabx-_nleftarrow,3565
mathabx-_nrightarrow,3565
MnSymbol-_nrightvdash,3429
amssymb-_nvdash,3429
fdsymbol-_nrightassert,3429
fdsymbol-_nrightvdash,3429
logix-_NotRule,3429
mathabx-_nvdash,3429
MnSymbol-_ndownvdash,3393
MnSymbol-_nleftvdash,3393
MnSymbol-_nupvdash,3393
fdsymbol-_ndownassert,3393
fdsymbol-_ndownvdash,3393
fdsymbol-_nleftassert,3393
fdsymbol-_nleftvdash,3393
fdsymbol-_nupassert,3393
fdsymbol-_nupvdash,3393
mathabx-_ndashv,3393
mathabx-_notperp,3393
stix-_operp,3393
MnSymbol-_nnwvdash,3387
MnSymbol-_downvdash,3384
MnSymbol-_leftvdash,3384
MnSymbol-_nevdash,3384
MnSymbol-_nnevdash,3384
MnSymbol-_nsevdash,3384
MnSymbol-_nswvdash,3384
MnSymbol-_nwvdash,3384
MnSymbol-_rightvdash,3384
MnSymbol-_sevdash,3384
MnSymbol-_swvdash,3384
MnSymbol-_upvdash,3384
fdsymbol-_downassert,3384
fdsymbol-_downvdash,3384
fdsymbol-_leftassert,3384
fdsymbol-_leftvdash,3384
fdsymbol-_rightassert,3384
fdsymbol-_rightvdash,3384
fdsymbol-_upassert,3384
fdsymbol-_upvdash,3384
latex2e-_bot,3384
latex2e-_dashv,3384
latex2e-_perp,3384
latex2e-_top,3384
latex2e-_vdash,3384
logix-_Rule,3384
stix-_assert,3384
stix-_dashv,3384
stix-_perp,3384
stix-_shortdowntack,3384
stix-_shortlefttack,3384
stix-_shortuptack,3384
stix-_varVdash,3384
stix-_vdash,3384
MnSymbol-_ndownarrow,3357
MnSymbol-_nnwarrow,3357
MnSymbol-_downarrow,3354
MnSymbol-_leftarrow,3354
MnSymbol-_longleftarrow,3354
MnSymbol-_longrightarrow,3354
MnSymbol-_nearrow,3354
MnSymbol-_nnearrow,3354
MnSymbol-_nuparrow,3354
MnSymbol-_nwarrow,3354
MnSymbol-_rightarrow,3354
MnSymbol-_uparrow,3354
latex2e-_downarrow,3354
latex2e-_leftarrow,3354
latex2e-_longleftarrow,3354
latex2e-_longrightarrow,3354
latex2e-_nearrow,3354
latex2e-_nwarrow,3354
latex2e-_rightarrow,3354
latex2e-_uparrow,3354
logix-_Lnand,3354
logix-_Lnor,3354
marvosym-_MVRightarrow,3354
mathabx-_leftarrow,3354
mathabx-_nearrow,3354
mathabx-_nwarrow,3354
mathabx-_rightarrow,3354
stmaryrd-_nnearrow,3354
stmaryrd-_nnwarrow,3354
stmaryrd-_shortdownarrow,3354
stmaryrd-_shortleftarrow,3354
stmaryrd-_shortrightarrow,3354
stmaryrd-_shortuparrow,3354
stmaryrd-_ssearrow,3354
stmaryrd-_sswarrow,3354
textcomp-_textdownarrow,3354
textcomp-_textleftarrow,3354
textcomp-_textrightarrow,3354
textcomp-_textuparrow,3354
tipa-_textdownstep,3354
tipa-_textglobrise,3354
tipa-_textupstep,3354
wasysym-_pointer,3354
MnSymbol-_nsearrow,3316
MnSymbol-_searrow,3316
latex2e-_searrow,3316
mathabx-_searrow,3316
tipa-_textglobfall,3316
MnSymbol-_nswarrow,3191
MnSymbol-_swarrow,3188
latex2e-_swarrow,3188
mathabx-_swarrow,3188
latex2e-_alpha,3062
upgreek-_upalpha,3062
MnSymbol-_nsim,3053
amssymb-_nsim,3053
fdsymbol-_nsim,3053
latex2e-_not_sim,3053
mathabx-_nsim,3053
logix-_CircNgt,2977
MnSymbol-_sim,2965
MnSymbol-_wreath,2965
amssymb-_thicksim,2965
fdsymbol-_sim,2965
fdsymbol-_thicksim,2965
fdsymbol-_wreath,2965
latex2e-_sim,2965
latex2e-_textasciitilde,2965
latex2e-_wr,2965
logix-_Ngt,2965
stix-_sim,2965
stix-_thicksim,2965
stix-_wr,2965
textcomp-_texttildelow,2965
MnSymbol-_bigocirc,2960
MnSymbol-_ocirc,2960
amssymb-_circledcirc,2960
mathabx-_ocirc,2960
stix-_circledcirc,2960
stmaryrd-_varocircle,2960
MnSymbol-_bigoplus,2937
MnSymbol-_oplus,2937
fdsymbol-_bigoplus,2937
latex2e-_bigoplus,2937
latex2e-_oplus,2937
logix-_CircPls,2937
mathabx-_oplus,2937
stix-_bigoplus,2937
stix-_oplus,2937
stmaryrd-_varoplus,2937
stix-_Otimes,2925
MnSymbol-_nequiv,2905
fdsymbol-_nequiv,2905
latex2e-_not_equiv,2905
logix-_NotClsEquv,2905
mathabx-_notequiv,2905
txfonts-_nequiv,2905
mathabx-_boxcirc,2886
stix-_boxcircle,2886
stmaryrd-_boxcircle,2886
MnSymbol-_bigcircle,2880
MnSymbol-_circ,2880
gensymb-_degree,2880
latex2e-_bigcirc,2880
latex2e-_circ,2880
mathabx-_ovoid,2880
mathabx-_udot,2880
stix-_vysmwhtcircle,2880
stmaryrd-_varbigcirc,2880
textcomp-_textbigcircle,2880
textcomp-_textdegree,2880
textcomp-_textopenbullet,2880
txfonts-_medbullet,2880
txfonts-_medcirc,2880
wasysym-_fullmoon,2880
wasysym-_ocircle,2880
MnSymbol-_nLeftarrow,2660
MnSymbol-_nRightarrow,2660
amssymb-_nLeftarrow,2660
amssymb-_nRightarrow,2660
mathabx-_nLeftarrow,2660
mathabx-_nRightarrow,2660
MnSymbol-_nLeftrightline,2636
MnSymbol-_nequal,2636
amssymb-_neq,2636
fdsymbol-_nequal,2636
mathabx-_neq,2636
tipa-_textdoublebarslash,2636
amssymb-_mathcal{E},2555
latex2e-_omega,2555
latex2e-_varepsilon,2555
textcomp-_textthreesuperior,2555
tipa-_textepsilon,2555
tipa-_textomega,2555
tipa-_textrevepsilon,2555
upgreek-_upomega,2555
upgreek-_upvarepsilon,2555
MnSymbol-_nNwarrow,2529
MnSymbol-_Downarrow,2526
MnSymbol-_Leftarrow,2526
MnSymbol-_Longleftarrow,2526
MnSymbol-_Longrightarrow,2526
MnSymbol-_Nearrow,2526
MnSymbol-_Nwarrow,2526
MnSymbol-_Rightarrow,2526
MnSymbol-_Searrow,2526
MnSymbol-_Swarrow,2526
MnSymbol-_Uparrow,2526
MnSymbol-_nDownarrow,2526
MnSymbol-_nNearrow,2526
MnSymbol-_nSearrow,2526
MnSymbol-_nSwarrow,2526
MnSymbol-_nUparrow,2526
latex2e-_Downarrow,2526
latex2e-_Leftarrow,2526
latex2e-_Longleftarrow,2526
latex2e-_Longrightarrow,2526
latex2e-_Rightarrow,2526
latex2e-_Uparrow,2526
txfonts-_Nearrow,2526
txfonts-_Nwarrow,2526
txfonts-_Searrow,2526
txfonts-_Swarrow,2526
MnSymbol-_boxbox,2477
stix-_boxbox,2477
stmaryrd-_boxbox,2477
MnSymbol-_filledmedsquare,2462
MnSymbol-_filledsquare,2462
MnSymbol-_medsquare,2462
MnSymbol-_smallsquare,2462
amssymb-_blacksquare,2462
amssymb-_centerdot,2462
amssymb-_square,2462
fdsymbol-_centerdot,2462
mathabx-_boxvoid,2462
mathabx-_sqbullet,2462
mathabx-_square,2462
stmaryrd-_boxempty,2462
stmaryrd-_oblong,2462
MnSymbol-_equiv,2452
fdsymbol-_equiv,2452
latex2e-_equiv,2452
logix-_ClsEquv,2452
stix-_Equiv,2452
stix-_equiv,2452
latex2e-_partial,2443
MnSymbol-_napprox,2404
fdsymbol-_napprox,2404
latex2e-_not_approx,2404
mathabx-_napprox,2404
txfonts-_nthickapprox,2404
marvosym-_Smiley,2362
wasysym-_blacksmiley,2362
wasysym-_smiley,2362
MnSymbol-_amalg,2358
MnSymbol-_coprod,2358
MnSymbol-_prod,2358
MnSymbol-_smallprod,2358
fdsymbol-_amalg,2358
fdsymbol-_coprod,2358
fdsymbol-_prod,2358
fdsymbol-_varamalg,2358
fdsymbol-_varcoprod,2358
fdsymbol-_varprod,2358
latex2e-_Pi,2358
latex2e-_amalg,2358
latex2e-_coprod,2358
latex2e-_prod,2358
stix-_amalg,2358
stix-_coprod,2358
stix-_prod,2358
upgreek-_Uppi,2358
MnSymbol-_nbackapprox,2322
MnSymbol-_approx,2319
MnSymbol-_backapprox,2319
amssymb-_thickapprox,2319
fdsymbol-_approx,2319
fdsymbol-_thickapprox,2319
latex2e-_approx,2319
stix-_approx,2319
stix-_thickapprox,2319
amssymb-_nsubseteq,2309
latex2e-_not_subseteq,2309
stix-_nsubseteq,2309
stix-_isinobar,2290
stix-_varisinobar,2290
MnSymbol-_bigobackslash,2289
MnSymbol-_obackslash,2289
amssymb-_varnothing,2289
dsfont-_mathds{R},2289
latex2e-_O,2289
latex2e-_emptyset,2289
latex2e-_o,2289
mathabx-_obackslash,2289
stix-_obslash,2289
stmaryrd-_obslash,2289
stmaryrd-_varobslash,2289
txfonts-_circledbslash,2289
wasysym-_clock,2289
wasysym-_diameter,2289
wasysym-_invdiameter,2289
amssymb-_backepsilon,2269
fdsymbol-_in,2269
fdsymbol-_nowns,2269
fdsymbol-_owns,2269
latex2e-_epsilon,2269
latex2e-_in,2269
latex2e-_ni,2269
stix-_forkv,2269
stix-_in,2269
stix-_ni,2269
stix-_smallin,2269
stix-_smallni,2269
stix-_upin,2269
upgreek-_upepsilon,2269
latex2e-_xi,2260
upgreek-_upxi,2260
MnSymbol-_boxtimes,2211
amssymb-_boxtimes,2211
mathabx-_boxtimes,2211
stix-_boxtimes,2211
stix-_acidfree,2169
MnSymbol-_hbipropto,2161
MnSymbol-_neswbipropto,2161
MnSymbol-_nwsebipropto,2161
MnSymbol-_vbipropto,2161
latex2e-_infty,2161
stix-_infty,2161
amssymb-_nsupseteq,2136
latex2e-_not_supseteq,2136
stix-_nsupseteq,2136
latex2e-_subseteq,2109
latex2e-_supseteq,2109
mathabx-_nsubseteq,2109
mathabx-_nsupseteq,2109
mathabx-_subseteq,2109
mathabx-_supseteq,2109
stix-_subseteq,2109
stix-_supseteq,2109
latex2e-_pi,2099
logix-_CircMinusPlus,2099
logix-_CircPlusMinus,2099
upgreek-_uppi,2099
MnSymbol-_mp,2093
MnSymbol-_pm,2093
fdsymbol-_mp,2093
fdsymbol-_pm,2093
latex2e-_mp,2093
latex2e-_pm,2093
logix-_MinusPlus,2093
logix-_PlusMinus,2093
stix-_mp,2093
stix-_pm,2093
textcomp-_textpm,2093
MnSymbol-_nleq,2084
amssymb-_nleq,2084
stix-_nleq,2084
latex2e-_varphi,2082
upgreek-_upvarphi,2082
MnSymbol-_ngeq,2057
amssymb-_ngeq,2057
stix-_ngeq,2057
fdsymbol-_timesbar,2053
stix-_timesbar,2053
stix-_triangletimes,2053
MnSymbol-_bigtimes,2050
MnSymbol-_times,2050
fdsymbol-_bigtimes,2050
fdsymbol-_times,2050
latex2e-_times,2050
logix-_Times,2050
stix-_bigtimes,2050
stix-_times,2050
stix-_vectimes,2050
textcomp-_texttimes,2050
txfonts-_varprod,2050
MnSymbol-_geq,2020
MnSymbol-_leq,2020
amssymb-_geq,2020
amssymb-_leq,2020
stix-_geq,2020
stix-_leq,2020
MnSymbol-_nll,2007
stix-_nll,2007
MnSymbol-_gg,2004
MnSymbol-_ll,2004
MnSymbol-_ngg,2004
amssymb-_gg,2004
amssymb-_ll,2004
latex2e-_guillemotleft,2004
latex2e-_guillemotright,2004
stix-_gg,2004
stix-_ll,2004
stix-_ngg,2004
stix-_partialmeetcontraction,2004
logix-_CircNt,1961
logix-_CircInvNt,1958
fdsymbol-_intprod,1955
fdsymbol-_intprodr,1955
latex2e-_lceil,1955
latex2e-_lfloor,1955
latex2e-_lnot,1955
latex2e-_neg,1955
latex2e-_rceil,1955
latex2e-_rfloor,1955
logix-_InvNt,1955
logix-_Nt,1955
stix-_intprod,1955
stix-_intprodr,1955
textcomp-_textlnot,1955
latex2e-_textbraceleft,1949
latex2e-_textbraceright,1949
latex2e-_{,1949
latex2e-_},1949
amssymb-_nexists,1847
MnSymbol-_bigodot,1778
MnSymbol-_odot,1778
fdsymbol-_bigodot,1778
latex2e-_bigodot,1778
latex2e-_odot,1778
marvosym-_Sun,1778
mathabx-_odot,1778
stix-_bigodot,1778
stix-_odot,1778
stmaryrd-_varodot,1778
tipa-_textbullseye,1778
wasysym-_astrosun,1778
MnSymbol-_nshortmid,1666
amssymb-_nmid,1666
amssymb-_nshortmid,1666
fdsymbol-_nmid,1666
fdsymbol-_nshortmid,1666
stix-_revnmid,1666
latex2e-_Phi,1654
latex2e-_phi,1654
tipa-_textphi,1654
upgreek-_Upphi,1654
upgreek-_upphi,1654
MnSymbol-_nLeftrightarrow,1635
amssymb-_nLeftrightarrow,1635
mathabx-_nLeftrightarrow,1635
MnSymbol-_downpropto,1612
MnSymbol-_leftpropto,1612
MnSymbol-_rightpropto,1612
MnSymbol-_uppropto,1612
amssymb-_varpropto,1612
fdsymbol-_backpropto,1612
fdsymbol-_propto,1612
latex2e-_propto,1612
stix-_propto,1612
stix-_varpropto,1612
MnSymbol-_leftthreetimes,1590
MnSymbol-_rightthreetimes,1590
amssymb-_leftthreetimes,1590
amssymb-_rightthreetimes,1590
fdsymbol-_leftthreetimes,1590
fdsymbol-_rightthreetimes,1590
latex2e-_lambda,1590
stix-_leftthreetimes,1590
stix-_rightthreetimes,1590
tipa-_textlambda,1590
tipa-_textturny,1590
upgreek-_uplambda,1590
MnSymbol-_Leftrightarrow,1589
MnSymbol-_Longleftrightarrow,1589
MnSymbol-_Neswarrow,1589
MnSymbol-_Nwsearrow,1589
MnSymbol-_Updownarrow,1589
MnSymbol-_nNeswarrow,1589
MnSymbol-_nNwsearrow,1589
MnSymbol-_nUpdownarrow,1589
latex2e-_Leftrightarrow,1589
latex2e-_Longleftrightarrow,1589
latex2e-_Updownarrow,1589
latex2e-_heartsuit,1577
marvosym-_Heart,1577
cmll-_parr,1572
cmll-_with,1572
latex2e-_&,1572
stix-_upand,1572
stmaryrd-_binampersand,1572
stmaryrd-_bindnasrepma,1572
txfonts-_invamp,1572
MnSymbol-_boxbackslash,1565
MnSymbol-_boxslash,1565
mathabx-_boxbackslash,1565
mathabx-_boxslash,1565
stix-_boxbslash,1565
stix-_boxdiag,1565
stmaryrd-_boxbslash,1565
stmaryrd-_boxslash,1565
latex2e-_forall,1558
latex2e-_beta,1554
marvosym-_Shilling,1554
tipa-_textbeta,1554
upgreek-_upbeta,1554
stix-_rsolbar,1542
latex2e-_sigma,1541
upgreek-_upsigma,1541
upgreek-_upvarsigma,1541
fdsymbol-_divslash,1539
fdsymbol-_setminus,1539
latex2e-/,1539
latex2e-_backslash,1539
latex2e-_setminus,1539
latex2e-_textbackslash,1539
logix-_Divide,1539
stix-_dsol,1539
stix-_notchar,1539
stix-_setminus,1539
textcomp-_textfractionsolidus,1539
MnSymbol-_ncong,1532
amssymb-_ncong,1532
fdsymbol-_ncong,1532
mathabx-_ncong,1532
latex2e-_exists,1520
stix-_bagmember,1520
stix-_shuffle,1520
tipa-_textsce,1520
MnSymbol-_cong,1450
fdsymbol-_cong,1450
latex2e-_cong,1450
stix-_cong,1450
amssymb-_mho,1424
gensymb-_ohm,1424
latex2e-_Omega,1424
tipa-_textscomega,1424
tipa-_textupsilon,1424
upgreek-_Upomega,1424
latex2e-_#,1399
latex2e-_sharp,1399
stix-_eparsl,1399
latex2e-_chi,1332
tipa-_textchi,1332
upgreek-_upchi,1332
bbold-_mathbb{1},1318
dsfont-_mathds{1},1318
latex2e-_sqrt{},1315
latex2e-_surd,1315
textcomp-_textsurd,1315
latex2e-_Psi,1294
latex2e-_gamma,1294
latex2e-_mu,1294
latex2e-_psi,1294
upgreek-_Uppsi,1294
upgreek-_upgamma,1294
upgreek-_upmu,1294
upgreek-_uppsi,1294
latex2e-_langle,1245
latex2e-_rangle,1245
textcomp-_textlangle,1245
textcomp-_textrangle,1245
marvosym-_MVAt,1239
MnSymbol-_oint,1234
fdsymbol-_oint,1234
latex2e-_oint,1234
stix-_oint,1234
stix-_ointup,1234
amssymb-_checkmark,1231
wasysym-_checked,1231
MnSymbol-_nnemapsto,1225
MnSymbol-_nnwmapsto,1225
MnSymbol-_nswmapsto,1225
MnSymbol-_nupmapsto,1225
fdsymbol-_nlongmapsfrom,1225
MnSymbol-_downmapsto,1222
MnSymbol-_leftmapsto,1222
MnSymbol-_longmapsto,1222
MnSymbol-_ndownmapsto,1222
MnSymbol-_nemapsto,1222
MnSymbol-_nleftmapsto,1222
MnSymbol-_nrightmapsto,1222
MnSymbol-_nsemapsto,1222
MnSymbol-_nwmapsto,1222
MnSymbol-_rightmapsto,1222
MnSymbol-_semapsto,1222
MnSymbol-_swmapsto,1222
MnSymbol-_upmapsto,1222
fdsymbol-_longmapsfrom,1222
latex2e-_longmapsto,1222
latex2e-_mapsto,1222
stmaryrd-_longmapsfrom,1222
stmaryrd-_mapsfrom,1222
MnSymbol-_boxvert,1214
stix-_boxbar,1214
stmaryrd-_boxbar,1214
MnSymbol-_nupdownline,1173
MnSymbol-_updownline,1173
amssymb-_shortmid,1173
fdsymbol-_mid,1173
fdsymbol-_shortmid,1173
latex2e-_mid,1173
latex2e-_textbar,1173
latex2e-_vert,1173
latex2e-|,1173
logix-_Shfr,1173
mathabx-_divides,1173
mathabx-_notdivides,1173
stix-_fracslash,1173
stix-_mid,1173
stix-_shortmid,1173
stix-_vertoverlay,1173
tipa-_textpipe,1173
tipa-_textprimstress,1173
tipa-_textsecstress,1173
tipa-_texttoneletterstem,1173
tipa-_textvertline,1173
MnSymbol-_nsimeq,1149
fdsymbol-_nsimeq,1149
latex2e-_not_simeq,1149
mathabx-_nsimeq,1149
txfonts-_nsimeq,1149
MnSymbol-_nbackeqsim,1115
MnSymbol-_nbacksimeq,1115
MnSymbol-_neqsim,1115
fdsymbol-_nbacksimeq,1115
fdsymbol-_neqsim,1115
txfonts-_nbacksimeq,1115
MnSymbol-_backeqsim,1112
MnSymbol-_backsimeq,1112
MnSymbol-_eqsim,1112
MnSymbol-_simeq,1112
amssymb-_backsimeq,1112
fdsymbol-_backsimeq,1112
fdsymbol-_eqsim,1112
fdsymbol-_simeq,1112
latex2e-_delta,1112
latex2e-_simeq,1112
stix-_backsimeq,1112
stix-_eqsim,1112
stix-_simeq,1112
txfonts-_eqsim,1112
upgreek-_updelta,1112
MnSymbol-_bigominus,1081
MnSymbol-_ominus,1081
amssymb-_circleddash,1081
latex2e-_ominus,1081
logix-_CircMinus,1081
mathabx-_ominus,1081
stix-_circleddash,1081
stix-_ominus,1081
stmaryrd-_varominus,1081
tipa-_textbaro,1081
MnSymbol-_boxdot,1054
amssymb-_boxdot,1054
mathabx-_boxdot,1054
stix-_boxdot,1054
stmaryrd-_boxdot,1054
stix-_lbrackubar,1047
stix-_rbrackubar,1047
latex2e-[,1044
latex2e-],1044
dsfont-_mathds{Z},1038
dsfont-_mathds{N},1010
amsmath-_dotsb,994
amsmath-_dotsc,994
amsmath-_dotsi,994
amsmath-_dotsm,994
amsmath-_dotso,994
fdsymbol-_vdots,994
latex2e-_cdots,994
latex2e-_dots,994
latex2e-_ldots,994
latex2e-_mathellipsis,994
latex2e-_textellipsis,994
latex2e-_vdots,994
stix-_threedotcolon,994
stix-_vdots,994
MnSymbol-_downtherefore,988
MnSymbol-_lefttherefore,988
MnSymbol-_righttherefore,988
MnSymbol-_uptherefore,988
amssymb-_because,988
amssymb-_therefore,988
mathabx-_therefore,988
MnSymbol-_bullet,978
MnSymbol-_cdot,978
fdsymbol-_cdot,978
latex2e-_bullet,978
latex2e-_cdot,978
latex2e-_cdotp,978
latex2e-_ldotp,978
latex2e-_textbullet,978
latex2e-_textperiodcentered,978
textcomp-_textbullet,978
textcomp-_textperiodcentered,978
wasysym-_newmoon,978
latex2e-_ell,956
stmaryrd-_llbracket,925
stmaryrd-_rrbracket,925
textcomp-_textlbrackdbl,925
textcomp-_textrbrackdbl,925
amssymb-_nparallel,913
fdsymbol-_nparallel,913
MnSymbol-_boxminus,909
MnSymbol-_equivclosed,909
amssymb-_boxminus,909
mathabx-_boxminus,909
stix-_boxminus,909
stix-_odotslashdot,902
MnSymbol-_lesssim,895
MnSymbol-_lnsim,895
amssymb-_lesssim,895
stix-_lesssim,895
stix-_lsime,895
stix-_nlesssim,895
MnSymbol-_ndownmodels,893
MnSymbol-_nleftmodels,893
MnSymbol-_nrightmodels,893
MnSymbol-_nupmodels,893
amssymb-_nvDash,893
fdsymbol-_ndownmodels,893
fdsymbol-_ndownvDash,893
fdsymbol-_nleftmodels,893
fdsymbol-_nleftvDash,893
fdsymbol-_nrightmodels,893
fdsymbol-_nrightvDash,893
fdsymbol-_nupmodels,893
fdsymbol-_nupvDash,893
logix-_NotModel,893
mathabx-_nDashv,893
mathabx-_nvDash,893
latex2e-_zeta,888
upgreek-_upzeta,888
stix-_circledequal,886
stix-_circledparallel,886
MnSymbol-_nUpdownline,883
latex2e-_rho,881
upgreek-_uprho,881
upgreek-_upvarrho,881
MnSymbol-_nNwseline,880
txfonts-_nvarparallelinv,880
MnSymbol-_backslashdiv,878
MnSymbol-_nprec,878
MnSymbol-_nsucc,878
MnSymbol-_slashdiv,878
MnSymbol-_vertdiv,878
amssymb-_nprec,878
amssymb-_nsucc,878
fdsymbol-_nprec,878
fdsymbol-_nsucc,878
latex2e-_%,878
logix-_NotPre,878
logix-_NotSuc,878
textcomp-_textdiscount,878
MnSymbol-_Leftrightline,877
MnSymbol-_Neswline,877
MnSymbol-_Nwseline,877
MnSymbol-_Updownline,877
MnSymbol-_equal,877
MnSymbol-_nNeswline,877
MnSymbol-_shortparallel,877
amssymb-_shortparallel,877
fdsymbol-_equal,877
fdsymbol-_parallel,877
fdsymbol-_shortparallel,877
latex2e-_Vert,877
latex2e-_parallel,877
latex2e-_|,877
stix-_parallel,877
stix-_shortparallel,877
stix-_sslash,877
stmaryrd-_bbslash,877
stmaryrd-_sslash,877
textcomp-_textbardbl,877
textcomp-_textdblhyphen,877
textcomp-_textdblhyphenchar,877
tipa-_textdoublepipe,877
tipa-_textdoublevertline,877
txfonts-_nvarparallel,877
txfonts-_varparallel,877
txfonts-_varparallelinv,877
stix-_triangleminus,873
mathrsfs-_mathscr{L},871
MnSymbol-_leftrightline,868
MnSymbol-_minus,868
MnSymbol-_nleftrightline,868
fdsymbol-_minus,868
latex2e-_--,868
latex2e-_---,868
latex2e-_----,868
latex2e-__,868
latex2e-_mathunderscore,868
latex2e-_textemdash,868
latex2e-_textendash,868
latex2e-_textunderscore,868
logix-_Minus,868
stix-_tminus,868
textcomp-_textminus,868
textcomp-_textthreequartersemdash,868
textcomp-_texttwelveudash,868
MnSymbol-_bigcurlyvee,839
MnSymbol-_bigcurlywedge,839
MnSymbol-_curlyvee,839
MnSymbol-_curlywedge,839
MnSymbol-_prec,839
MnSymbol-_succ,839
amssymb-_curlyvee,839
amssymb-_curlywedge,839
fdsymbol-_bigcurlyvee,839
fdsymbol-_bigcurlywedge,839
fdsymbol-_curlyvee,839
fdsymbol-_curlywedge,839
fdsymbol-_prec,839
fdsymbol-_succ,839
latex2e-_prec,839
latex2e-_succ,839
logix-_Pre,839
logix-_Suc,839
mathabx-_curlyvee,839
mathabx-_curlywedge,839
mathabx-_nprec,839
mathabx-_nsucc,839
stix-_curlyvee,839
stix-_curlywedge,839
stix-_prec,839
stix-_succ,839
stmaryrd-_varcurlyvee,839
stmaryrd-_varcurlywedge,839
MnSymbol-_bigostar,835
MnSymbol-_ostar,835
MnSymbol-_filledstar,826
MnSymbol-_medstar,826
MnSymbol-_pentagram,826
MnSymbol-_smallstar,826
MnSymbol-_thinstar,826
amssymb-_bigstar,826
latex2e-_star,826
mathabx-_bigstar,826
stix-_star,826
amssymb-_mathcal{L},818
MnSymbol-_lightning,802
marvosym-_Emailct,802
marvosym-_Lightning,802
stmaryrd-_lightning,802
wasysym-_lightning,802
MnSymbol-_nlhookleftarrow,791
MnSymbol-_nlhooknwarrow,791
MnSymbol-_nrhookleftarrow,791
MnSymbol-_nrhooknwarrow,791
MnSymbol-_nrhooksearrow,791
marvosym-_EUR,789
marvosym-_EURcr,789
marvosym-_EURdig,789
marvosym-_EURhv,789
marvosym-_EURtm,789
textcomp-_texteuro,789
MnSymbol-_lhookdownarrow,788
MnSymbol-_lhookleftarrow,788
MnSymbol-_lhooknearrow,788
MnSymbol-_lhooknwarrow,788
MnSymbol-_lhookrightarrow,788
MnSymbol-_lhooksearrow,788
MnSymbol-_lhookswarrow,788
MnSymbol-_lhookuparrow,788
MnSymbol-_nlhookdownarrow,788
MnSymbol-_nlhooknearrow,788
MnSymbol-_nlhookrightarrow,788
MnSymbol-_nlhooksearrow,788
MnSymbol-_nlhookswarrow,788
MnSymbol-_nlhookuparrow,788
MnSymbol-_nrhookdownarrow,788
MnSymbol-_nrhooknearrow,788
MnSymbol-_nrhookrightarrow,788
MnSymbol-_nrhookswarrow,788
MnSymbol-_nrhookuparrow,788
MnSymbol-_rhookdownarrow,788
MnSymbol-_rhookleftarrow,788
MnSymbol-_rhooknearrow,788
MnSymbol-_rhooknwarrow,788
MnSymbol-_rhookrightarrow,788
MnSymbol-_rhooksearrow,788
MnSymbol-_rhookswarrow,788
MnSymbol-_rhookuparrow,788
latex2e-_hookleftarrow,788
latex2e-_hookrightarrow,788
latex2e-_eta,777
upgreek-_upeta,777
latex2e-_S,773
latex2e-_dag,773
latex2e-_dagger,773
latex2e-_mathsection,773
latex2e-_textdagger,773
latex2e-_textsection,773
marvosym-_Cross,773
stix-_dagger,773
textcomp-_textdagger,773
textcomp-_textsection,773
MnSymbol-_nleqslant,770
amssymb-_nleqslant,770
stix-_nleqslant,770
MnSymbol-_ngeqslant,769
amssymb-_ngeqslant,769
stix-_ngeqslant,769
MnSymbol-_nnemodels,754
MnSymbol-_downmodels,753
MnSymbol-_leftmodels,753
MnSymbol-_nemodels,753
MnSymbol-_nnwmodels,753
MnSymbol-_nsemodels,753
MnSymbol-_nswmodels,753
MnSymbol-_nwmodels,753
MnSymbol-_rightmodels,753
MnSymbol-_semodels,753
MnSymbol-_swmodels,753
MnSymbol-_upmodels,753
amssymb-_vDash,753
fdsymbol-_downmodels,753
fdsymbol-_downvDash,753
fdsymbol-_leftmodels,753
fdsymbol-_leftvDash,753
fdsymbol-_rightmodels,753
fdsymbol-_rightvDash,753
fdsymbol-_upmodels,753
fdsymbol-_upvDash,753
latex2e-_models,753
logix-_Model,753
mathabx-_Dashv,753
mathabx-_vDash,753
stix-_Dashv,753
stix-_Vbar,753
stix-_barV,753
stix-_models,753
stix-_vDash,753
txfonts-_Perp,753
MnSymbol-_geqslant,750
MnSymbol-_leqslant,750
amssymb-_geqslant,750
amssymb-_leqslant,750
stix-_geqslant,750
stix-_leqslant,750
MnSymbol-_nleftlsquigarrow,741
MnSymbol-_nleftrsquigarrow,741
MnSymbol-_nrightlsquigarrow,741
MnSymbol-_nrightrsquigarrow,741
MnSymbol-_gnsim,738
MnSymbol-_gtrsim,738
MnSymbol-_ndownlsquigarrow,738
MnSymbol-_ndownrsquigarrow,738
MnSymbol-_nselsquigarrow,738
MnSymbol-_nsersquigarrow,738
MnSymbol-_nswlsquigarrow,738
MnSymbol-_nswrsquigarrow,738
MnSymbol-_nuplsquigarrow,738
MnSymbol-_nuprsquigarrow,738
amssymb-_gtrsim,738
stix-_gsime,738
stix-_gtrsim,738
stix-_ngtrsim,738
MnSymbol-_downlsquigarrow,735
MnSymbol-_downrsquigarrow,735
MnSymbol-_leftlsquigarrow,735
MnSymbol-_leftrsquigarrow,735
MnSymbol-_nelsquigarrow,735
MnSymbol-_nersquigarrow,735
MnSymbol-_nnelsquigarrow,735
MnSymbol-_nnersquigarrow,735
MnSymbol-_nnwlsquigarrow,735
MnSymbol-_nnwrsquigarrow,735
MnSymbol-_nwlsquigarrow,735
MnSymbol-_nwrsquigarrow,735
MnSymbol-_rightlsquigarrow,735
MnSymbol-_rightrsquigarrow,735
MnSymbol-_selsquigarrow,735
MnSymbol-_sersquigarrow,735
MnSymbol-_swlsquigarrow,735
MnSymbol-_swrsquigarrow,735
MnSymbol-_uplsquigarrow,735
MnSymbol-_uprsquigarrow,735
amssymb-_rightsquigarrow,735
latexsym-_leadsto,735
mathabx-_leftsquigarrow,735
mathabx-_rightsquigarrow,735
txfonts-_leftsquigarrow,735
MnSymbol-_bigoast,710
MnSymbol-_oast,710
amssymb-_circledast,710
fdsymbol-_bigoast,710
logix-_CircAsterick,710
mathabx-_oasterisk,710
mathabx-_ocoasterisk,710
stix-_circledast,710
stmaryrd-_varoast,710
MnSymbol-_nleftrightarrow,694
amssymb-_nleftrightarrow,694
mathabx-_nleftrightarrow,694
stix-_nsqsubset,684
stix-_nsqsupset,684
MnSymbol-_bigsqcap,681
MnSymbol-_bigsqcup,681
MnSymbol-_sqcap,681
MnSymbol-_sqcup,681
amssymb-_sqsubset,681
amssymb-_sqsupset,681
fdsymbol-_bigsqcap,681
fdsymbol-_bigsqcup,681
fdsymbol-_sqcap,681
fdsymbol-_sqcup,681
latex2e-_bigsqcup,681
latex2e-_sqcap,681
latex2e-_sqcup,681
mathabx-_nsqsubset,681
mathabx-_nsqsupset,681
mathabx-_sqcap,681
mathabx-_sqcup,681
mathabx-_sqsubset,681
mathabx-_sqsupset,681
stix-_bigsqcap,681
stix-_bigsqcup,681
stix-_sqcap,681
stix-_sqcup,681
stix-_sqsubset,681
stix-_sqsupset,681
MnSymbol-_nupdownarrow,667
amssymb-_mathcal{O},665
MnSymbol-_leftrightarrow,664
MnSymbol-_longleftrightarrow,664
MnSymbol-_neswarrow,664
MnSymbol-_nneswarrow,664
MnSymbol-_nnwsearrow,664
MnSymbol-_nwsearrow,664
MnSymbol-_updownarrow,664
latex2e-_leftrightarrow,664
latex2e-_longleftrightarrow,664
latex2e-_updownarrow,664
mathabx-_leftrightarrow,664
latex2e-_Gamma,656
upgreek-_Upgamma,656
latex2e-!`,649
latex2e-_textexclamdown,649
latex2e-_tau,638
upgreek-_uptau,638
amssymb-_circledR,631
latex2e-_textregistered,631
textcomp-_textregistered,631
mathabx-_boxasterisk,593
mathabx-_boxcoasterisk,593
stix-_boxast,593
stmaryrd-_boxast,593
amssymb-_hbar,584
amssymb-_hslash,584
latex2e-_hbar,584
tipa-_textcrh,584
latex2e-_ddots,582
mathdots-_iddots,582
MnSymbol-_ast,580
fdsymbol-_ast,580
latex2e-*,580
latex2e-_ast,580
latex2e-_textasteriskcentered,580
logix-_Asterick,580
mathabx-_Asterisk,580
mathabx-_ast,580
mathabx-_coAsterisk,580
mathabx-_coasterisk,580
stix-_ast,580
textcomp-_textasteriskcentered,580
latex2e-_$,575
latex2e-_mathdollar,575
latex2e-_textdollar,575
marvosym-_EyesDollar,575
textcomp-_textdollar,575
latex2e-_aleph,573
latex2e-_theta,553
tipa-_texttheta,553
upgreek-_uptheta,553
fdsymbol-_nnwharpoonsw,538
latex2e-_copyright,538
latex2e-_textcopyright,538
textcomp-_textcopyleft,538
textcomp-_textcopyright,538
fdsymbol-_nleftharpoonup,535
fdsymbol-_nneharpoonse,535
fdsymbol-_nseharpoonne,535
fdsymbol-_nswharpoonse,535
fdsymbol-_nupharpoonleft,535
amssymb-_downharpoonleft,532
amssymb-_downharpoonright,532
amssymb-_upharpoonleft,532
amssymb-_upharpoonright,532
fdsymbol-_downharpoonleft,532
fdsymbol-_downharpoonright,532
fdsymbol-_leftharpoondown,532
fdsymbol-_leftharpoonup,532
fdsymbol-_ndownharpoonleft,532
fdsymbol-_ndownharpoonright,532
fdsymbol-_neharpoonnw,532
fdsymbol-_neharpoonse,532
fdsymbol-_nleftharpoondown,532
fdsymbol-_nneharpoonnw,532
fdsymbol-_nnwharpoonne,532
fdsymbol-_nrightharpoondown,532
fdsymbol-_nrightharpoonup,532
fdsymbol-_nseharpoonsw,532
fdsymbol-_nswharpoonnw,532
fdsymbol-_nupharpoonright,532
fdsymbol-_nwharpoonne,532
fdsymbol-_nwharpoonsw,532
fdsymbol-_rightharpoondown,532
fdsymbol-_rightharpoonup,532
fdsymbol-_seharpoonne,532
fdsymbol-_seharpoonsw,532
fdsymbol-_swharpoonnw,532
fdsymbol-_swharpoonse,532
fdsymbol-_upharpoonleft,532
fdsymbol-_upharpoonright,532
latex2e-_leftharpoondown,532
latex2e-_leftharpoonup,532
latex2e-_rightharpoondown,532
latex2e-_rightharpoonup,532
mathabx-_downharpoonleft,532
mathabx-_downharpoonright,532
mathabx-_leftharpoondown,532
mathabx-_leftharpoonup,532
mathabx-_restriction,532
mathabx-_rightharpoondown,532
mathabx-_rightharpoonup,532
mathabx-_upharpoonleft,532
mathabx-_upharpoonright,532
marvosym-_Frowny,517
wasysym-_frownie,517
amssymb-_triangleq,507
MnSymbol-_bowtie,500
MnSymbol-_vertbowtie,500
fdsymbol-_bowtie,500
fdsymbol-_upbowtie,500
latex2e-_bowtie,500
stix-_blackhourglass,500
stix-_bowtie,500
stix-_fbowtie,500
stix-_hourglass,500
txfonts-_lrtimes,500
wasysym-_Bowtie,500
wasysym-_Join,500
amssymb-_mathcal{V},488
latex2e-_nu,488
marvosym-_Bat,484
amssymb-_subsetneq,472
amssymb-_supsetneq,472
amssymb-_varsubsetneq,472
amssymb-_varsupsetneq,472
mathabx-_subsetneq,472
mathabx-_supsetneq,472
mathabx-_varsubsetneq,472
mathabx-_varsupsetneq,472
stix-_subsetneq,472
stix-_supsetneq,472
stix-_varsubsetneq,472
stix-_varsupsetneq,472
MnSymbol-_ltimes,462
MnSymbol-_rtimes,462
amssymb-_ltimes,462
amssymb-_rtimes,462
fdsymbol-_ltimes,462
fdsymbol-_rtimes,462
mathabx-_ltimes,462
mathabx-_rtimes,462
stix-_ltimes,462
stix-_rtimes,462
txfonts-_lJoin,462
txfonts-_rJoin,462
latex2e-_AA,449
MnSymbol-_nsucceq,443
amssymb-_nsucceq,443
fdsymbol-_nsucceq,443
logix-_NotSucq,443
latex2e-_Xi,438
upgreek-_Upxi,438
MnSymbol-_npreceq,434
amssymb-_npreceq,434
fdsymbol-_npreceq,434
logix-_NotPreq,434
amssymb-_mathcal{N},418
mathrsfs-_mathscr{N},418
MnSymbol-_preceq,414
MnSymbol-_succeq,414
fdsymbol-_preceq,414
fdsymbol-_succeq,414
latex2e-_preceq,414
latex2e-_succeq,414
logix-_Preq,414
logix-_Sucq,414
mathabx-_npreceq,414
mathabx-_nsucceq,414
stix-_preceq,414
stix-_succeq,414
amssymb-_mathcal{P},409
latex2e-_textasciicircum,409
MnSymbol-_ntwoheadrightarrow,395
txfonts-_ntwoheadrightarrow,395
latex2e-_vartheta,393
upgreek-_upvartheta,393
MnSymbol-_ntwoheaddownarrow,392
MnSymbol-_ntwoheadleftarrow,392
MnSymbol-_ntwoheadnearrow,392
MnSymbol-_ntwoheadnwarrow,392
MnSymbol-_ntwoheadsearrow,392
MnSymbol-_ntwoheadswarrow,392
MnSymbol-_ntwoheaduparrow,392
MnSymbol-_twoheaddownarrow,392
MnSymbol-_twoheadleftarrow,392
MnSymbol-_twoheadnearrow,392
MnSymbol-_twoheadnwarrow,392
MnSymbol-_twoheadrightarrow,392
MnSymbol-_twoheadsearrow,392
MnSymbol-_twoheadswarrow,392
MnSymbol-_twoheaduparrow,392
amssymb-_twoheadleftarrow,392
amssymb-_twoheadrightarrow,392
txfonts-_ntwoheadleftarrow,392
dsfont-_mathds{C},387
marvosym-_Ecommerce,387
textcomp-_textestimated,387
tipa-_textreve,387
tipa-_textschwa,387
latex2e-_wp,382
MnSymbol-_oiint,377
esint-_oiint,377
esint-_varoiint,377
fdsymbol-_oiint,377
stix-_oiint,377
stix-_oiintup,377
txfonts-_oiint,377
amssymb-_blacklozenge,371
amssymb-_lozenge,371
latex2e-_diamondsuit,371
stix-_concavediamond,371
stix-_concavediamondtickleft,371
stix-_concavediamondtickright,371
wasysym-_wasylozenge,371
latex2e-_Theta,368
upgreek-_Uptheta,368
logix-_CircDivd,355
mathabx-_odiv,355
stix-_odiv,355
amssymb-_mathcal{F},346
MnSymbol-_ngeqclosed,344
amssymb-_ntrianglerighteq,344
MnSymbol-_nleqclosed,338
amssymb-_ntrianglelefteq,338
mathabx-_boxdiv,336
amssymb-_mathcal{A},335
MnSymbol-_strokedint,333
esint-_fint,333
fdsymbol-_fint,333
fdsymbol-_intbar,333
stix-_fint,333
stix-_fintup,333
stix-_intbar,333
stix-_intbarup,333
tipa-_texthtbardotlessj,333
txfonts-_fint,333
MnSymbol-_div,331
fdsymbol-_div,331
latex2e-_div,331
logix-_Divd,331
stix-_div,331
textcomp-_textdiv,331
latex2e-_quotedblbase,325
latex2e-_textquotedblleft,325
latex2e-_textquotedblright,325
MnSymbol-_geqclosed,323
MnSymbol-_leqclosed,323
amssymb-_trianglelefteq,323
amssymb-_trianglerighteq,323
stix-_unlhd,323
stix-_unrhd,323
wasysym-_unlhd,323
wasysym-_unrhd,323
latex2e-_not_sqsubseteq,313
stix-_nsqsubseteq,313
latex2e-_not_sqsupseteq,310
latex2e-_sqsubseteq,310
latex2e-_sqsupseteq,310
marvosym-_Venus,310
mathabx-_nsqsubseteq,310
mathabx-_nsqsupseteq,310
mathabx-_sqsubseteq,310
mathabx-_sqsupseteq,310
stix-_nsqsupseteq,310
stix-_sqsubseteq,310
stix-_sqsupseteq,310
wasysym-_female,310
wasysym-_venus,310
textcomp-_textdollaroldstyle,309
latex2e-_Upsilon,301
marvosym-_Aries,301
upgreek-_Upupsilon,301
wasysym-_aries,301
wasysym-_vernal,301
tipa-_textsca,286
latex2e-_ae,282
gensymb-_celsius,281
MnSymbol-_bigcapplus,274
MnSymbol-_bigcupplus,274
MnSymbol-_capplus,274
MnSymbol-_cupplus,274
fdsymbol-_bigcapplus,274
fdsymbol-_bigcupplus,274
fdsymbol-_capplus,274
fdsymbol-_cupplus,274
latex2e-_biguplus,274
latex2e-_uplus,274
mathabx-_uplus,274
stix-_biguplus,274
stix-_uplus,274
stmaryrd-_nplus,274
amssymb-_backprime,273
latex2e-_prime,273
tipa-_textceltpal,273
amssymb-_leftrightharpoons,272
amssymb-_rightleftharpoons,272
fdsymbol-_leftrightharpoons,272
fdsymbol-_nleftrightharpoons,272
fdsymbol-_nrightleftharpoons,272
fdsymbol-_rightleftharpoons,272
latex2e-_rightleftharpoons,272
mathabx-_leftrightharpoons,272
mathabx-_rightleftharpoons,272
MnSymbol-_nlcirclearrowup,271
MnSymbol-_nrcirclearrowright,271
latex2e-_mathsterling,269
latex2e-_pounds,269
latex2e-_textsterling,269
textcomp-_textsterling,269
MnSymbol-_nrcirclearrowleft,268
MnSymbol-_nrcirclearrowup,268
MnSymbol-_lcirclearrowdown,265
MnSymbol-_lcirclearrowleft,265
MnSymbol-_lcirclearrowright,265
MnSymbol-_lcirclearrowup,265
MnSymbol-_nlcirclearrowdown,265
MnSymbol-_nlcirclearrowleft,265
MnSymbol-_nlcirclearrowright,265
MnSymbol-_nrcirclearrowdown,265
MnSymbol-_partialvardlcircleleftint,265
MnSymbol-_partialvardlcirclerightint,265
MnSymbol-_partialvardrcircleleftint,265
MnSymbol-_partialvardrcirclerightint,265
MnSymbol-_partialvartlcircleleftint,265
MnSymbol-_partialvartlcirclerightint,265
MnSymbol-_partialvartrcircleleftint,265
MnSymbol-_partialvartrcirclerightint,265
MnSymbol-_rcirclearrowdown,265
MnSymbol-_rcirclearrowleft,265
MnSymbol-_rcirclearrowright,265
MnSymbol-_rcirclearrowup,265
amssymb-_circlearrowleft,265
amssymb-_circlearrowright,265
mathabx-_circlearrowleft,265
mathabx-_circlearrowright,265
mathabx-_downtouparrow,265
mathabx-_lefttorightarrow,265
mathabx-_righttoleftarrow,265
mathabx-_uptodownarrow,265
marvosym-_Telefon,264
wasysym-_phone,264
MnSymbol-_lefthalfcap,263
MnSymbol-_lefthalfcup,263
MnSymbol-_righthalfcap,263
MnSymbol-_righthalfcup,263
amssymb-_llcorner,263
amssymb-_lrcorner,263
amssymb-_ulcorner,263
amssymb-_urcorner,263
fdsymbol-_rightangle,263
stix-_llcorner,263
stix-_lrcorner,263
stix-_rightangle,263
stix-_ulcorner,263
stix-_urcorner,263
tipa-_textcorner,263
tipa-_textopencorner,263
tipa-_textscl,263
latex2e-_textvisiblespace,260
MnSymbol-_iint,259
amsmath-_iint,259
esint-_iint,259
fdsymbol-_iint,259
stix-_iint,259
stix-_iintup,259
textcomp-_texttwosuperior,254
latex2e-_clubsuit,247
amssymb-_mathcal{M},246
amssymb-_mathfrak{S},246
latex2e-_textordfeminine,243
marvosym-_Mars,243
textcomp-_textordfeminine,243
txfonts-_circleleft,243
txfonts-_circleright,243
wasysym-_male,243
wasysym-_mars,243
fdsymbol-_nsmile,242
latex2e-_kappa,242
upgreek-_upkappa,242
amssymb-_smallfrown,239
amssymb-_smallsmile,239
fdsymbol-_frown,239
fdsymbol-_nfrown,239
fdsymbol-_smile,239
latex2e-_frown,239
latex2e-_smile,239
stix-_frown,239
stix-_smallfrown,239
stix-_smallsmile,239
stix-_smile,239
amssymb-_mathcal{H},238
latex2e-_aa,238
stix-_angleubar,233
stix-_revangleubar,233
latex2e-_textquestiondown,232
MnSymbol-_medbackslash,231
MnSymbol-_medslash,231
MnSymbol-_neswline,231
MnSymbol-_nneswline,231
MnSymbol-_nnwseline,231
MnSymbol-_nwseline,231
amssymb-_diagdown,231
amssymb-_diagup,231
amssymb-_smallsetminus,231
fdsymbol-_medbackslash,231
fdsymbol-_medslash,231
stix-_smallsetminus,231
textcomp-_textonehalf,231
amssymb-_angle,230
fdsymbol-_angle,230
fdsymbol-_revangle,230
latex2e-_angle,230
stix-_angdnr,230
stix-_angle,230
stix-_bigslopedvee,230
stix-_bigslopedwedge,230
stix-_revangle,230
stix-_turnangle,230
latex2e-_ss,229
mathrsfs-_mathscr{C},229
latex2e-_spadesuit,226
MnSymbol-_ndowndownarrows,225
MnSymbol-_nrightrightarrows,225
MnSymbol-_nsesearrows,225
MnSymbol-_downdownarrows,222
MnSymbol-_leftleftarrows,222
MnSymbol-_nenearrows,222
MnSymbol-_nleftleftarrows,222
MnSymbol-_nnenearrows,222
MnSymbol-_nnwnwarrows,222
MnSymbol-_nswswarrows,222
MnSymbol-_nupuparrows,222
MnSymbol-_nwnwarrows,222
MnSymbol-_rightrightarrows,222
MnSymbol-_sesearrows,222
MnSymbol-_swswarrows,222
MnSymbol-_upuparrows,222
amssymb-_downdownarrows,222
amssymb-_leftleftarrows,222
amssymb-_rightrightarrows,222
amssymb-_upuparrows,222
mathabx-_downdownarrows,222
mathabx-_leftleftarrows,222
mathabx-_rightrightarrows,222
mathabx-_upuparrows,222
MnSymbol-_nlcurvearrowse,220
MnSymbol-_nlcurvearrowup,220
MnSymbol-_nrcurvearrownw,220
MnSymbol-_nrcurvearrowse,220
tipa-_textbabygamma,220
tipa-_textgamma,220
tipa-_textramshorns,220
marvosym-_Yinyang,219
MnSymbol-_lcurvearrowdown,217
MnSymbol-_lcurvearrowleft,217
MnSymbol-_lcurvearrowne,217
MnSymbol-_lcurvearrownw,217
MnSymbol-_lcurvearrowright,217
MnSymbol-_lcurvearrowse,217
MnSymbol-_lcurvearrowsw,217
MnSymbol-_lcurvearrowup,217
MnSymbol-_nlcurvearrowdown,217
MnSymbol-_nlcurvearrowleft,217
MnSymbol-_nlcurvearrowne,217
MnSymbol-_nlcurvearrownw,217
MnSymbol-_nlcurvearrowright,217
MnSymbol-_nlcurvearrowsw,217
MnSymbol-_nrcurvearrowdown,217
MnSymbol-_nrcurvearrowleft,217
MnSymbol-_nrcurvearrowne,217
MnSymbol-_nrcurvearrowright,217
MnSymbol-_nrcurvearrowsw,217
MnSymbol-_nrcurvearrowup,217
MnSymbol-_rcurvearrowdown,217
MnSymbol-_rcurvearrowleft,217
MnSymbol-_rcurvearrowne,217
MnSymbol-_rcurvearrownw,217
MnSymbol-_rcurvearrowright,217
MnSymbol-_rcurvearrowse,217
MnSymbol-_rcurvearrowsw,217
MnSymbol-_rcurvearrowup,217
amssymb-_curvearrowleft,217
amssymb-_curvearrowright,217
mathabx-_curvearrowbotleft,217
mathabx-_curvearrowbotright,217
mathabx-_curvearrowleft,217
mathabx-_curvearrowright,217
MnSymbol-_filleddiamond,216
MnSymbol-_meddiamond,216
MnSymbol-_smalldiamond,216
latex2e-_diamond,216
mathabx-_blackdiamond,216
stix-_diamond,216
textcomp-_textcent,212
textcomp-_textcentoldstyle,212
textcomp-_textcolonmonetary,212
wasysym-_cent,212
textcomp-_textperthousand,210
wasysym-_permil,210
mathrsfs-_mathscr{A},209
dsfont-_mathds{Q},207
mathrsfs-_mathscr{S},207
amssymb-_mathcal{D},205
tipa-_textscripta,205
tipa-_textturnscripta,205
amssymb-_mathfrak{R},204
latex2e-_Re,204
marvosym-_Letter,201
textcomp-_textinterrobang,198
textcomp-_textinterrobangdown,198
marvosym-_Moon,195
wasysym-_leftmoon,195
wasysym-_rightmoon,195
amssymb-_mathcal{S},192
amssymb-_mathcal{C},191
MnSymbol-_filledmedtriangledown,189
MnSymbol-_filledmedtriangleup,189
MnSymbol-_filledtriangledown,189
MnSymbol-_filledtriangleup,189
amssymb-_blacktriangle,189
amssymb-_blacktriangledown,189
mathabx-_blacktriangledown,189
mathabx-_blacktriangleup,189
tipa-_texthalflength,189
wasysym-_DOWNarrow,189
wasysym-_UParrow,189
stix-_lbag,186
stix-_rbag,186
stmaryrd-_Lbag,186
stmaryrd-_Rbag,186
stmaryrd-_lbag,186
stmaryrd-_rbag,186
MnSymbol-_neqdot,183
fdsymbol-_neqdot,183
dsfont-_mathds{P},182
latex2e-_textquotedbl,181
textcomp-_textquotestraightdblbase,181
MnSymbol-_doteq,180
MnSymbol-_eqdot,180
amssymb-_mathcal{T},180
fdsymbol-_doteq,180
fdsymbol-_eqdot,180
latex2e-_doteq,180
latex2e-_varrho,180
mathabx-_botdoteq,180
mathabx-_topdoteq,180
stix-_doteq,180
stix-_eqdot,180
mathrsfs-_mathscr{H},179
amssymb-_mathcal{Z},177
MnSymbol-_iiint,176
amsmath-_iiint,176
amssymb-_mathfrak{A},176
esint-_iiint,176
fdsymbol-_iiint,176
stix-_iiint,176
stix-_iiintup,176
latex2e-_varpi,175
upgreek-_upvarpi,175
MnSymbol-_ngtrless,174
MnSymbol-_npreccurlyeq,174
fdsymbol-_npreccurlyeq,174
mathabx-_npreccurlyeq,174
stix-_ngtrless,174
txfonts-_npreccurlyeq,174
MnSymbol-_nbacksim,173
fdsymbol-_nbacksim,173
txfonts-_nbacksim,173
MnSymbol-_nlessgtr,171
MnSymbol-_nsucccurlyeq,171
MnSymbol-_preccurlyeq,171
MnSymbol-_succcurlyeq,171
amssymb-_preccurlyeq,171
amssymb-_succcurlyeq,171
fdsymbol-_nsucccurlyeq,171
fdsymbol-_preccurlyeq,171
fdsymbol-_succcurlyeq,171
mathabx-_nsucccurlyeq,171
mathabx-_preccurlyeq,171
mathabx-_succcurlyeq,171
stix-_nlessgtr,171
stix-_preccurlyeq,171
stix-_succcurlyeq,171
txfonts-_nsucccurlyeq,171
MnSymbol-_backsim,170
amssymb-_backsim,170
fdsymbol-_backsim,170
stix-_backsim,170
MnSymbol-_gtrless,168
MnSymbol-_lessgtr,168
amssymb-_gtrless,168
amssymb-_lessgtr,168
amssymb-_mathcal{B},168
latex2e-_texttrademark,168
mathrsfs-_mathscr{D},168
stix-_gtrless,168
stix-_lessgtr,168
textcomp-_texttrademark,168
dsfont-_mathds{E},166
MnSymbol-_nneswarrows,164
marvosym-_Ankh,162
MnSymbol-_diamondplus,161
MnSymbol-_doublecap,161
MnSymbol-_doublecup,161
MnSymbol-_ndownuparrows,161
MnSymbol-_nnwsearrows,161
amssymb-_Cap,161
amssymb-_Cup,161
amssymb-_Subset,161
amssymb-_Supset,161
fdsymbol-_doublecap,161
fdsymbol-_doublecup,161
fdsymbol-_nsmilefrown,161
mathabx-_Subset,161
mathabx-_Supset,161
mathabx-_doublecap,161
mathabx-_doublecup,161
mathabx-_nSubset,161
mathabx-_nSupset,161
mathabx-_notasymp,161
stix-_Cap,161
stix-_Cup,161
stix-_Subset,161
stix-_Supset,161
txfonts-_nasymp,161
textcomp-_textmusicalnote,160
MnSymbol-_downuparrows,158
MnSymbol-_leftrightarrows,158
MnSymbol-_neswarrows,158
MnSymbol-_nleftrightarrows,158
MnSymbol-_nrightleftarrows,158
MnSymbol-_nsenwarrows,158
MnSymbol-_nswnearrows,158
MnSymbol-_nupdownarrows,158
MnSymbol-_nwsearrows,158
MnSymbol-_rightleftarrows,158
MnSymbol-_senwarrows,158
MnSymbol-_swnearrows,158
MnSymbol-_updownarrows,158
amssymb-_leftrightarrows,158
amssymb-_rightleftarrows,158
mathabx-_downuparrows,158
mathabx-_leftrightarrows,158
mathabx-_rightleftarrows,158
mathabx-_updownarrows,158
MnSymbol-_ndownVdash,157
MnSymbol-_nneVdash,157
MnSymbol-_nnwVdash,157
MnSymbol-_nseVdash,157
MnSymbol-_nswVdash,157
MnSymbol-_nupVdash,157
amssymb-_mathcal{R},157
fdsymbol-_ndownAssert,157
fdsymbol-_ndownVdash,157
fdsymbol-_nupAssert,157
fdsymbol-_nupVdash,157
MnSymbol-_nleftVdash,155
MnSymbol-_nrightVdash,155
MnSymbol-_rcircleleftint,155
MnSymbol-_rcirclerightint,155
MnSymbol-_separated,155
esint-_ointctrclockwise,155
esint-_varointctrclockwise,155
fdsymbol-_nleftAssert,155
fdsymbol-_nleftVdash,155
fdsymbol-_nrightAssert,155
fdsymbol-_nrightVdash,155
fdsymbol-_rcircleleftint,155
fdsymbol-_rcirclerightint,155
fdsymbol-_smilefrown,155
latex2e-_asymp,155
logix-_NotTurn,155
mathabx-_nVdash,155
mathabx-_ndashV,155
stix-_asymp,155
stix-_ointctrclockwise,155
stix-_ointctrclockwiseup,155
txfonts-_nVdash,155
txfonts-_ointctrclockwise,155
txfonts-_varointctrclockwise,155
wasysym-_sun,155
MnSymbol-_downVdash,151
MnSymbol-_leftVdash,151
MnSymbol-_neVdash,151
MnSymbol-_nwVdash,151
MnSymbol-_rightVdash,151
MnSymbol-_seVdash,151
MnSymbol-_swVdash,151
MnSymbol-_upVdash,151
amssymb-_Vdash,151
fdsymbol-_downAssert,151
fdsymbol-_downVdash,151
fdsymbol-_leftAssert,151
fdsymbol-_leftVdash,151
fdsymbol-_rightAssert,151
fdsymbol-_rightVdash,151
fdsymbol-_upAssert,151
fdsymbol-_upVdash,151
logix-_Turn,151
mathabx-_Vdash,151
stix-_Barv,151
stix-_Vdash,151
stix-_dashV,151
stix-_vBar,151
marvosym-_Cancer,147
wasysym-_cancer,147
latex2e-_ddag,146
latex2e-_ddagger,146
latex2e-_iota,146
latex2e-_textdaggerdbl,146
stix-_ddagger,146
textcomp-_textdaggerdbl,146
tipa-_textiota,146
upgreek-_upiota,146
latex2e-_TH,143
latex2e-_th,143
tipa-_textthorn,143
amssymb-_mathfrak{I},141
latex2e-_Im,141
mathrsfs-_mathscr{F},141
MnSymbol-_ngeqq,138
amssymb-_ngeqq,138
stix-_ngeqq,138
wasysym-_ascnode,136
wasysym-_descnode,136
wasysym-_leo,136
latex2e-_dh,134
latex2e-_flat,134
amssymb-_mathcal{U},133
latex2e-_upsilon,133
tipa-_textscriptv,133
upgreek-_upupsilon,133
MnSymbol-_nleqq,132
amssymb-_mathcal{X},132
amssymb-_nleqq,132
stix-_nleqq,132
marvosym-_Jupiter,131
wasysym-_jupiter,131
tipa-_textrevyogh,130
tipa-_textyogh,130
latex2e-_dj,129
tipa-_textcrb,129
tipa-_textcrd,129
MnSymbol-_boxplus,127
amssymb-_boxplus,127
mathabx-_boxplus,127
stix-_boxplus,127
amssymb-_mathfrak{X},125
latex2e-_quotesinglbase,121
latex2e-_textquoteleft,121
latex2e-_textquoteright,121
marvosym-_Scorpio,121
wasysym-_scorpio,121
MnSymbol-_ndasheddownarrow,119
MnSymbol-_ndashedleftarrow,119
MnSymbol-_ndashednwarrow,119
amssymb-_mathcal{G},119
marvosym-_Aquarius,119
wasysym-_aquarius,119
tipa-_textglotstop,118
tipa-_textinvglotstop,118
tipa-_textraiseglotstop,118
tipa-_textrevglotstop,118
MnSymbol-_dasheddownarrow,116
MnSymbol-_dashedleftarrow,116
MnSymbol-_dashednearrow,116
MnSymbol-_dashednwarrow,116
MnSymbol-_dashedrightarrow,116
MnSymbol-_dashedsearrow,116
MnSymbol-_dashedswarrow,116
MnSymbol-_dasheduparrow,116
MnSymbol-_ndashednearrow,116
MnSymbol-_ndashedrightarrow,116
MnSymbol-_ndashedsearrow,116
MnSymbol-_ndashedswarrow,116
MnSymbol-_ndasheduparrow,116
amssymb-_dashleftarrow,116
amssymb-_dashrightarrow,116
logix-_NotMulMapInv,116
mathrsfs-_mathscr{E},115
latex2e-_imath,114
tipa-_textraisevibyi,114
tipa-_textvibyi,114
amssymb-_multimap,113
logix-_CircNand,113
logix-_MulMap,113
logix-_MulMapInv,113
logix-_NotMulMap,113
stix-_cirmid,113
stix-_midcir,113
stix-_multimap,113
stix-_multimapinv,113
txfonts-_multimap,113
txfonts-_multimapinv,113
wasysym-_conjunction,113
marvosym-_Denarius,112
mathrsfs-_mathscr{P},111
tipa-_textfishhookr,111
tipa-_texthooktop,111
tipa-_textlhtlongi,111
tipa-_textpalhook,111
tipa-_textrthook,111
tipa-_textscj,111
marvosym-_Mundus,110
MnSymbol-_diamondtimes,109
latex2e-_L,107
latex2e-_varsigma,107
amssymb-_mathcal{J},106
amssymb-_sphericalangle,106
amssymb-_varkappa,106
fdsymbol-_sphericalangle,106
fdsymbol-_sphericalangledown,106
fdsymbol-_sphericalangleleft,106
fdsymbol-_sphericalangleup,106
latex2e-_jmath,106
stix-_gtlpar,106
stix-_sphericalangle,106
stix-_sphericalangleup,106
latex2e-_AE,105
MnSymbol-_geqq,102
MnSymbol-_leqq,102
amssymb-_geqq,102
amssymb-_leqq,102
stix-_eqqgtr,102
stix-_eqqless,102
stix-_geqq,102
stix-_leqq,102
MnSymbol-_nswarrowtail,101
marvosym-_CircledA,99
MnSymbol-_ndownarrowtail,98
MnSymbol-_nleftarrowtail,98
MnSymbol-_nnearrowtail,98
MnSymbol-_nsearrowtail,98
MnSymbol-_nuparrowtail,98
textcomp-_textyen,98
amssymb-_measuredangle,97
fdsymbol-_measuredangle,97
fdsymbol-_revmeasuredangle,97
stix-_measuredangle,97
stix-_measuredangleleft,97
MnSymbol-_downarrowtail,95
MnSymbol-_leftarrowtail,95
MnSymbol-_nbumpeq,95
MnSymbol-_nearrowtail,95
MnSymbol-_nnwarrowtail,95
MnSymbol-_nrightarrowtail,95
MnSymbol-_nwarrowtail,95
MnSymbol-_rightarrowtail,95
MnSymbol-_searrowtail,95
MnSymbol-_swarrowtail,95
MnSymbol-_uparrowtail,95
amssymb-_leftarrowtail,95
amssymb-_rightarrowtail,95
fdsymbol-_nbumpeq,95
txfonts-_nbumpeq,95
amssymb-_pitchfork,94
stix-_disin,94
stix-_mlcp,94
stix-_nisd,94
stix-_pitchfork,94
stix-_topfork,94
tipa-_textinvscr,94
tipa-_textscr,94
upgreek-_upnu,94
amssymb-_mathfrak{M},93
MnSymbol-_bumpeq,92
MnSymbol-_eqbump,92
MnSymbol-_neqbump,92
amssymb-_bumpeq,92
fdsymbol-_bumpeq,92
latex2e-_P,92
latex2e-_mathparagraph,92
latex2e-_textparagraph,92
mathabx-_bumpedeq,92
mathabx-_eqbumped,92
stix-_bumpeq,92
textcomp-_textparagraph,92
wasysym-_libra,92
MnSymbol-_nrightfootline,91
fdsymbol-_nlongrightfootline,91
fdsymbol-_nrightfootline,91
latex2e-_NG,91
latex2e-_ng,91
stmaryrd-_llceil,90
stmaryrd-_llfloor,90
stmaryrd-_rrceil,90
stmaryrd-_rrfloor,90
textcomp-_textreferencemark,90
amssymb-_subsetneqq,88
marvosym-_Mercury,88
mathabx-_subsetneqq,88
stix-_llparenthesis,88
stix-_rrparenthesis,88
stix-_subsetneqq,88
stmaryrd-_llparenthesis,88
stmaryrd-_rrparenthesis,88
wasysym-_mercury,88
MnSymbol-_nnwfootline,87
amssymb-_mathcal{I},87
marvosym-_Mobilefone,86
MnSymbol-_nleftfootline,84
MnSymbol-_nsefootline,84
MnSymbol-_nswfootline,84
MnSymbol-_nupfootline,84
fdsymbol-_nleftfootline,84
fdsymbol-_nlongleftfootline,84
marvosym-_Earth,84
mathrsfs-_mathscr{M},84
wasysym-_earth,84
textcomp-_textlira,83
MnSymbol-_ndownfootline,81
fdsymbol-_nLongmapsfrom,81
mathrsfs-_mathscr{B},81
MnSymbol-_between,80
amssymb-_between,80
fdsymbol-_between,80
mathabx-_between,80
stix-_between,80
wasysym-_bell,79
MnSymbol-_complement,78
MnSymbol-_downfootline,78
MnSymbol-_leftfootline,78
MnSymbol-_nefootline,78
MnSymbol-_nlll,78
MnSymbol-_nnefootline,78
MnSymbol-_nwfootline,78
MnSymbol-_rightfootline,78
MnSymbol-_sefootline,78
MnSymbol-_swfootline,78
MnSymbol-_upfootline,78
amssymb-_complement,78
amssymb-_intercal,78
fdsymbol-_Longmapsfrom,78
fdsymbol-_intercal,78
fdsymbol-_leftfootline,78
fdsymbol-_longleftfootline,78
fdsymbol-_longrightfootline,78
fdsymbol-_rightfootline,78
stix-_intercal,78
stix-_longdashv,78
stix-_vlongdash,78
stmaryrd-_Longmapsfrom,78
stmaryrd-_Longmapsto,78
stmaryrd-_Mapsfrom,78
stmaryrd-_Mapsto,78
textcomp-_textonesuperior,78
tipa-_textstretchc,78
MnSymbol-_ndownModels,77
MnSymbol-_nleftModels,77
MnSymbol-_nrightModels,77
MnSymbol-_nupModels,77
amssymb-_nVDash,77
fdsymbol-_ndownVDash,77
fdsymbol-_nleftVDash,77
fdsymbol-_nrightVDash,77
fdsymbol-_nupVDash,77
latex2e-_DH,77
latex2e-_DJ,77
logix-_NotConseq,77
mathabx-_nDashV,77
mathabx-_nVDash,77
MnSymbol-_diamonddot,76
mathrsfs-_mathscr{I},76
mathrsfs-_mathscr{R},76
MnSymbol-_ggg,75
MnSymbol-_lll,75
MnSymbol-_nggg,75
amssymb-_ggg,75
amssymb-_lll,75
amssymb-_mathcal{Q},75
marvosym-_Capricorn,75
stix-_ggg,75
stix-_lll,75
wasysym-_capricornus,75
MnSymbol-_idotsint,74
amsmath-_idotsint,74
amssymb-_mathcal{K},74
esint-_dotsint,74
fdsymbol-_idotsint,74
latex2e-_l,74
textcomp-_textcurrency,74
txfonts-_idotsint,74
wasysym-_currency,74
amssymb-_nsupseteqq,73
stix-_nsupseteqq,73
MnSymbol-_napproxeq,72
MnSymbol-_ngtrdot,72
fdsymbol-_napproxeq,72
textcomp-_textquotesingle,72
textcomp-_textquotestraightbase,72
txfonts-_napproxeq,72
MnSymbol-_looparrowleft,71
MnSymbol-_looparrowright,71
MnSymbol-_nDoteq,71
MnSymbol-_nLleftarrow,71
MnSymbol-_nRrightarrow,71
amssymb-_looparrowleft,71
amssymb-_looparrowright,71
fdsymbol-_nDoteq,71
mathabx-_looparrowdownleft,71
mathabx-_looparrowdownright,71
mathabx-_looparrowleft,71
mathabx-_looparrowright,71
MnSymbol-_lneqq,70
amssymb-_lneqq,70
amssymb-_lvertneqq,70
dsfont-_mathds{B},70
dsfont-_mathds{F},70
latex2e-_natural,70
stix-_lneqq,70
stix-_lvertneqq,70
MnSymbol-_gtrdot,69
MnSymbol-_lessdot,69
MnSymbol-_nlessdot,69
amssymb-_gtrdot,69
amssymb-_lessdot,69
mathabx-_precdot,69
mathabx-_succdot,69
stix-_gtcir,69
stix-_gtrdot,69
stix-_lessdot,69
stix-_ltcir,69
stmaryrd-_leftarrowtriangle,69
stmaryrd-_rightarrowtriangle,69
textcomp-_textnumero,69
MnSymbol-_Lleftarrow,68
MnSymbol-_Rrightarrow,68
MnSymbol-_vdotdot,68
amssymb-_Lleftarrow,68
amssymb-_Rrightarrow,68
fdsymbol-_vdotdot,68
latex2e-_colon,68
txfonts-_Rrightarrow,68
dsfont-_mathds{I},67
tipa-_textrtailn,67
marvosym-_Pisces,66
wasysym-_pisces,66
amssymb-_dotplus,65
amssymb-_mathcal{W},65
fdsymbol-_dotplus,65
fdsymbol-_plusdot,65
logix-_DPlus,65
mathabx-_circplus,65
mathabx-_dotplus,65
stix-_dotplus,65
stix-_plusdot,65
stix-_ringplus,65
marvosym-_Taurus,64
tipa-_textscb,64
wasysym-_taurus,64
MnSymbol-_approxeq,63
amssymb-_approxeq,63
fdsymbol-_approxeq,63
marvosym-_Gemini,63
stix-_approxeq,63
wasysym-_gemini,63
MnSymbol-_nlesseqgtr,62
amssymb-_maltese,62
wasysym-_kreuz,62
amssymb-_mathfrak{F},61
fdsymbol-_nnwseharpoonnesw,61
latex2e-_guilsinglleft,61
latex2e-_guilsinglright,61
marvosym-_Celtcross,61
stix-_lcurvyangle,61
stix-_rcurvyangle,61
MnSymbol-_bigsqcapplus,60
MnSymbol-_bigsqcupplus,60
MnSymbol-_iiiint,60
MnSymbol-_sqcapplus,60
MnSymbol-_sqcupplus,60
amsmath-_iiiint,60
esint-_iiiint,60
fdsymbol-_bigsqcapplus,60
fdsymbol-_bigsqcupplus,60
fdsymbol-_iiiint,60
fdsymbol-_sqcapplus,60
fdsymbol-_sqcupplus,60
marvosym-_Virgo,60
mathabx-_squplus,60
stix-_iiiint,60
stix-_iiiintup,60
tipa-_textctyogh,60
tipa-_textscg,60
txfonts-_bigsqcapplus,60
txfonts-_bigsqcupplus,60
txfonts-_sqcapplus,60
txfonts-_sqcupplus,60
wasysym-_virgo,60
MnSymbol-_gtreqless,59
MnSymbol-_lesseqgtr,59
MnSymbol-_ngtreqless,59
MnSymbol-_nprecsim,59
MnSymbol-_nsuccsim,59
amssymb-_gtreqless,59
amssymb-_leftrightsquigarrow,59
amssymb-_lesseqgtr,59
fdsymbol-_nprecsim,59
fdsymbol-_nsuccsim,59
mathabx-_leftrightsquigarrow,59
mathabx-_nprecsim,59
mathabx-_nsuccsim,59
stix-_gtreqless,59
stix-_lesseqgtr,59
txfonts-_nprecsim,59
txfonts-_nsuccsim,59
fdsymbol-_nneswharpoonsenw,58
latex2e-_textordmasculine,58
marvosym-_Saturn,58
textcomp-_textordmasculine,58
wasysym-_saturn,58
MnSymbol-_lcircleleftint,57
MnSymbol-_lcirclerightint,57
esint-_ointclockwise,57
esint-_varointclockwise,57
fdsymbol-_lcircleleftint,57
fdsymbol-_lcirclerightint,57
stix-_varointclockwise,57
stix-_varointclockwiseup,57
tipa-_textcloseepsilon,57
tipa-_textcloseomega,57
tipa-_textcloserevepsilon,57
txfonts-_ointclockwise,57
txfonts-_varointclockwise,57
MnSymbol-_Doteq,56
MnSymbol-_Lsh,56
MnSymbol-_Rsh,56
amssymb-_Lsh,56
amssymb-_Rsh,56
amssymb-_doteqdot,56
amssymb-_nsubseteqq,56
fdsymbol-_Doteq,56
fdsymbol-_nneswharpoonnwse,56
mathabx-_Lsh,56
mathabx-_Rsh,56
mathabx-_dlsh,56
mathabx-_dotseq,56
mathabx-_drsh,56
stix-_Doteq,56
stix-_nsubseteqq,56
MnSymbol-_nnwModels,55
amssymb-_Game,55
dsfont-_mathds{A},55
fdsymbol-_nleftrightharpoonupdown,55
mathrsfs-_mathscr{X},55
tipa-_textbarglotstop,55
tipa-_textbarrevglotstop,55
tipa-_textcrinvglotstop,55
MnSymbol-_ncurlyeqprec,54
MnSymbol-_nfallingdotseq,54
MnSymbol-_ngtreqqless,54
fdsymbol-_ncurlyeqprec,54
fdsymbol-_nfallingdotseq,54
mathabx-_ncurlyeqprec,54
MnSymbol-_nBumpeq,53
amssymb-_digamma,53
fdsymbol-_nBumpeq,53
stix-_Not,53
stix-_bNot,53
stmaryrd-_inplus,53
stmaryrd-_niplus,53
textcomp-_textbrokenbar,53
tipa-_textcrlambda,53
tipa-_textsch,53
txfonts-_nBumpeq,53
wasysym-_brokenvert,53
MnSymbol-_nswModels,52
fdsymbol-_nleftrightharpoondownup,52
fdsymbol-_nnwseharpoonswne,52
fdsymbol-_nupdownharpoonleftright,52
latex2e-_oe,52
tipa-_textlonglegr,52
tipa-_textturnlonglegr,52
tipa-_textturnr,52
MnSymbol-_landdownint,51
MnSymbol-_landupint,51
MnSymbol-_ncurlyeqsucc,51
MnSymbol-_nhateq,51
MnSymbol-_nrisingdotseq,51
esint-_landdownint,51
esint-_landupint,51
fdsymbol-_ncurlyeqsucc,51
fdsymbol-_nrisingdotseq,51
fdsymbol-_nwedgeq,51
mathabx-_ncurlyeqsucc,51
MnSymbol-_precsim,50
MnSymbol-_succsim,50
amssymb-_precsim,50
amssymb-_succsim,50
fdsymbol-_precsim,50
fdsymbol-_succsim,50
mathabx-_precsim,50
mathabx-_succsim,50
stix-_precsim,50
stix-_succsim,50
tipa-_textdoublebarpipe,50
tipa-_textscn,50
MnSymbol-_ncirceq,49
MnSymbol-_ndoteq,49
MnSymbol-_neqslantless,49
MnSymbol-_nneModels,49
MnSymbol-_nseModels,49
fdsymbol-_leftrightharpoondownup,49
fdsymbol-_leftrightharpoonupdown,49
fdsymbol-_ncirceq,49
fdsymbol-_ndoteq,49
fdsymbol-_neswharpoonnwse,49
fdsymbol-_neswharpoonsenw,49
fdsymbol-_nupdownharpoonrightleft,49
fdsymbol-_nveeeq,49
fdsymbol-_nwseharpoonnesw,49
fdsymbol-_nwseharpoonswne,49
fdsymbol-_updownharpoonleftright,49
fdsymbol-_updownharpoonrightleft,49
marvosym-_Email,49
mathabx-_leftrightharpoon,49
mathabx-_rightleftharpoon,49
stix-_neqslantless,49
MnSymbol-_fallingdotseq,48
MnSymbol-_gtreqqless,48
MnSymbol-_lesseqqgtr,48
MnSymbol-_nlesseqqgtr,48
MnSymbol-_risingdotseq,48
amssymb-_fallingdotseq,48
amssymb-_gtreqqless,48
amssymb-_lesseqqgtr,48
amssymb-_lneq,48
amssymb-_mathfrak{P},48
amssymb-_risingdotseq,48
fdsymbol-_fallingdotseq,48
fdsymbol-_risingdotseq,48
logix-_NotSeq,48
mathabx-_fallingdotseq,48
mathabx-_risingdotseq,48
stix-_fallingdotseq,48
stix-_gtreqqless,48
stix-_lesseqqgtr,48
stix-_lneq,48
stix-_risingdotseq,48
tipa-_textg,48
MnSymbol-_Bumpeq,47
MnSymbol-_bigoslash,47
MnSymbol-_nequivclosed,47
MnSymbol-_oslash,47
amssymb-_Bumpeq,47
fdsymbol-_Bumpeq,47
latex2e-_oslash,47
logix-_CircDivide,47
marvosym-_Libra,47
mathabx-_Bumpedeq,47
mathabx-_oslash,47
stix-_Bumpeq,47
stix-_oslash,47
stmaryrd-_varoslash,47
textcomp-_textlquill,47
textcomp-_textrquill,47
MnSymbol-_circeq,46
MnSymbol-_downModels,46
MnSymbol-_leftModels,46
MnSymbol-_neModels,46
MnSymbol-_neqslantgtr,46
MnSymbol-_nwModels,46
MnSymbol-_rightModels,46
MnSymbol-_seModels,46
MnSymbol-_swModels,46
MnSymbol-_upModels,46
amssymb-_circeq,46
fdsymbol-_circeq,46
fdsymbol-_downVDash,46
fdsymbol-_leftVDash,46
fdsymbol-_rightVDash,46
fdsymbol-_upVDash,46
logix-_Conseq,46
mathabx-_DashV,46
mathabx-_VDash,46
mathabx-_circeq,46
stix-_DashV,46
stix-_VDash,46
stix-_circeq,46
stix-_neqslantgtr,46
MnSymbol-_curlyeqprec,45
MnSymbol-_curlyeqsucc,45
MnSymbol-_downY,45
MnSymbol-_leftY,45
MnSymbol-_nnefree,45
MnSymbol-_nnwfree,45
MnSymbol-_nupfree,45
MnSymbol-_rightY,45
MnSymbol-_upY,45
amssymb-_curlyeqprec,45
amssymb-_curlyeqsucc,45
amssymb-_subseteqq,45
amssymb-_supseteqq,45
fdsymbol-_curlyeqprec,45
fdsymbol-_curlyeqsucc,45
fdsymbol-_downY,45
fdsymbol-_leftY,45
fdsymbol-_nswneharpoons,45
fdsymbol-_rightY,45
fdsymbol-_upY,45
logix-_Seq,45
marvosym-_Pickup,45
mathabx-_curlyeqprec,45
mathabx-_curlyeqsucc,45
mathabx-_nsubseteqq,45
mathabx-_nsupseteqq,45
mathabx-_subseteqq,45
mathabx-_supseteqq,45
stix-_csube,45
stix-_csupe,45
stix-_curlyeqprec,45
stix-_curlyeqsucc,45
stix-_measangledltosw,45
stix-_measangledrtose,45
stix-_measangleldtosw,45
stix-_measanglelutonw,45
stix-_measanglerdtose,45
stix-_measanglerutone,45
stix-_measangleultonw,45
stix-_measangleurtone,45
stix-_subseteqq,45
stix-_subsup,45
stix-_supseteqq,45
stix-_supsub,45
stmaryrd-_Ydown,45
stmaryrd-_Yleft,45
stmaryrd-_Yright,45
stmaryrd-_Yup,45
tipa-_textsci,45
wasysym-_recorder,45
mathrsfs-_mathscr{V},44
MnSymbol-_eqslantgtr,43
MnSymbol-_eqslantless,43
amssymb-_Bbbk,43
amssymb-_eqslantgtr,43
amssymb-_eqslantless,43
fdsymbol-_nVvdash,43
fdsymbol-_ndashVv,43
mathabx-_nVvash,43
mathabx-_ndashVv,43
stix-_eqslantgtr,43
stix-_eqslantless,43
MnSymbol-_bigdoublevee,42
MnSymbol-_bigdoublewedge,42
MnSymbol-_doublevee,42
MnSymbol-_doublewedge,42
MnSymbol-_gneqq,42
MnSymbol-_nleftfree,42
MnSymbol-_nrightfree,42
MnSymbol-_nsefree,42
MnSymbol-_nsquigarrowrightleft,42
MnSymbol-_nsquigarrowswne,42
MnSymbol-_nswfree,42
amssymb-_gneqq,42
amssymb-_gvertneqq,42
dsfont-_mathds{D},42
dsfont-_mathds{K},42
fdsymbol-_bigdoublevee,42
fdsymbol-_bigdoublewedge,42
fdsymbol-_doublevee,42
fdsymbol-_doublewedge,42
fdsymbol-_ndownupharpoons,42
fdsymbol-_nsenwharpoons,42
fdsymbol-_nsucceqq,42
marvosym-_FAX,42
marvosym-_Sagittarius,42
marvosym-_fax,42
stix-_conjquant,42
stix-_disjquant,42
stix-_gneqq,42
stix-_gvertneqq,42
stix-_veeonvee,42
stix-_wedgeonwedge,42
stmaryrd-_merge,42
textcomp-_textflorin,42
txfonts-_nsucceqq,42
wasysym-_sagittarius,42
MnSymbol-_bigcupdot,41
MnSymbol-_cupdot,41
MnSymbol-_diamondbackslash,41
MnSymbol-_diamondslash,41
MnSymbol-_nsquigarrowleftright,41
MnSymbol-_nsquigarrownesw,41
fdsymbol-_bigcupdot,41
fdsymbol-_cupdot,41
fdsymbol-_intBar,41
logix-_MulMapDual,41
logix-_NotMulMapDual,41
stix-_bigcupdot,41
stix-_cupdot,41
stix-_dualmap,41
stix-_intBar,41
stix-_intBarup,41
stix-_late,41
stix-_smte,41
stix-_subsetcirc,41
stix-_subsetdot,41
stix-_supsetcirc,41
stix-_supsetdot,41
tipa-_textdoublebaresh,41
tipa-_textscriptg,41
txfonts-_multimapboth,41
txfonts-_multimapbothvert,41
wasysym-_opposition,41
MnSymbol-_Vvdash,40
amssymb-_Vvdash,40
amssymb-_doublebarwedge,40
fdsymbol-_Vvdash,40
fdsymbol-_dashVv,40
fdsymbol-_doublebarwedge,40
fdsymbol-_veedoublebar,40
fdsymbol-_veeeq,40
mathabx-_Vvdash,40
mathabx-_dashVv,40
mathabx-_doublebarwedge,40
mathabx-_nsqSubset,40
mathabx-_nsqSupset,40
mathabx-_veedoublebar,40
stix-_Vvdash,40
stix-_doublebarwedge,40
stix-_vardoublebarwedge,40
stix-_veedoublebar,40
stix-_veeeq,40
MnSymbol-_downfree,39
MnSymbol-_leftfree,39
MnSymbol-_ndownfree,39
MnSymbol-_nefree,39
MnSymbol-_nsuccapprox,39
MnSymbol-_nwfree,39
MnSymbol-_rightfree,39
MnSymbol-_sefree,39
MnSymbol-_swfree,39
MnSymbol-_upfree,39
fdsymbol-_nneswharpoons,39
fdsymbol-_nnwseharpoons,39
fdsymbol-_nsuccapprox,39
fdsymbol-_nupdownharpoons,39
logix-_Dnd,39
stix-_downfishtail,39
stix-_leftfishtail,39
stix-_rightfishtail,39
stix-_subrarr,39
stix-_suplarr,39
stix-_upfishtail,39
stix-_wedgeodot,39
txfonts-_nsuccapprox,39
txfonts-_strictfi,39
txfonts-_strictif,39
MnSymbol-_dotmedvert,38
MnSymbol-_dotminus,38
MnSymbol-_eqcirc,38
MnSymbol-_medvertdot,38
MnSymbol-_minusdot,38
MnSymbol-_neqcirc,38
MnSymbol-_nsquigarrownwse,38
MnSymbol-_nsquigarrowupdown,38
amssymb-_eqcirc,38
dsfont-_mathds{O},38
fdsymbol-_dotminus,38
fdsymbol-_eqcirc,38
fdsymbol-_minusdot,38
fdsymbol-_neqcirc,38
logix-_DMinus,38
mathabx-_divdot,38
mathabx-_dotdiv,38
mathabx-_eqcirc,38
stix-_dotminus,38
stix-_eqcirc,38
stix-_minusdot,38
MnSymbol-_ddotdot,37
MnSymbol-_hdotdot,37
MnSymbol-_ncurvearrownwse,37
MnSymbol-_udotdot,37
amssymb-_mathcal{Y},37
fdsymbol-_ddotdot,37
fdsymbol-_hdotdot,37
fdsymbol-_udotdot,37
latex2e-_OE,37
tipa-_textopeno,37
tipa-_textscoelig,37
MnSymbol-_coloneq,36
MnSymbol-_nbackcong,36
amssymb-_divideontimes,36
amssymb-_mathfrak{J},36
fdsymbol-_coloneq,36
fdsymbol-_divideontimes,36
fdsymbol-_downupharpoons,36
fdsymbol-_eqcolon,36
fdsymbol-_nbackcong,36
fdsymbol-_neswharpoons,36
fdsymbol-_nwseharpoons,36
fdsymbol-_senwharpoons,36
fdsymbol-_swneharpoons,36
fdsymbol-_updownharpoons,36
mathabx-_coloneq,36
mathabx-_divideontimes,36
mathabx-_downupharpoons,36
mathabx-_eqcolon,36
mathabx-_updownharpoons,36
stix-_coloneq,36
stix-_divideontimes,36
stix-_eqcolon,36
textcomp-_textrecipe,36
textcomp-_textthreequarters,36
txfonts-_coloneqq,36
txfonts-_eqqcolon,36
MnSymbol-_nsquigarrowdownup,35
MnSymbol-_nsquigarrowsenw,35
MnSymbol-_succnapprox,35
amssymb-_Finv,35
amssymb-_lnsim,35
amssymb-_mathfrak{N},35
amssymb-_succnapprox,35
esint-_sqint,35
fdsymbol-_succnapprox,35
mathabx-_succnapprox,35
mathrsfs-_mathscr{O},35
stix-_lnsim,35
stix-_sqint,35
stix-_sqintup,35
stix-_succnapprox,35
tipa-_texthtt,35
txfonts-_sqint,35
MnSymbol-_gnapprox,34
MnSymbol-_gtrapprox,34
MnSymbol-_ncurvearrowleftright,34
MnSymbol-_ncurvearrowswne,34
MnSymbol-_nshortparallel,34
amssymb-_gtrapprox,34
amssymb-_mathfrak{r},34
amssymb-_nshortparallel,34
dsfont-_mathds{H},34
fdsymbol-_nshortparallel,34
mathrsfs-_mathscr{G},34
stix-_gtrapprox,34
textcomp-_textonequarter,34
MnSymbol-_bigcapdot,33
MnSymbol-_bigveedot,33
MnSymbol-_bigwedgedot,33
MnSymbol-_capdot,33
MnSymbol-_hateq,33
MnSymbol-_veedot,33
MnSymbol-_wedgedot,33
fdsymbol-_bigcapdot,33
fdsymbol-_bigveedot,33
fdsymbol-_bigwedgedot,33
fdsymbol-_capdot,33
fdsymbol-_npreceqq,33
fdsymbol-_veedot,33
fdsymbol-_wedgedot,33
fdsymbol-_wedgeq,33
latex2e-_hat=,33
latex2e-_widehat=,33
marvosym-_Leo,33
mathabx-_corresponds,33
stix-_capdot,33
stix-_veedot,33
stix-_wedgedot,33
stix-_wedgeq,33
tipa-_textlhtlongy,33
tipa-_textvibyy,33
txfonts-_npreceqq,33
amssymb-_mathfrak{B},32
mathrsfs-_mathscr{J},32
stix-_lefttail,32
stix-_righttail,32
tipa-_textrevapostrophe,32
MnSymbol-_bigcurlyveedot,31
MnSymbol-_bigcurlywedgedot,31
MnSymbol-_curlyveedot,31
MnSymbol-_curlywedgedot,31
MnSymbol-_doublesqcap,31
MnSymbol-_doublesqcup,31
MnSymbol-_ncurvearrowdownup,31
MnSymbol-_ncurvearrownesw,31
MnSymbol-_ncurvearrowrightleft,31
MnSymbol-_precnsim,31
amssymb-_circledS,31
amssymb-_precnsim,31
dsfont-_mathds{M},31
fdsymbol-_doublesqcap,31
fdsymbol-_doublesqcup,31
fdsymbol-_precnsim,31
mathabx-_precnsim,31
mathabx-_sqSubset,31
mathabx-_sqSupset,31
mathabx-_sqdoublecap,31
mathabx-_sqdoublecup,31
stix-_Sqcap,31
stix-_Sqcup,31
stix-_precnsim,31
stmaryrd-_leftrightarroweq,31
tipa-_textltailn,31
tipa-_textrtailt,31
MnSymbol-_bigsqcapdot,30
MnSymbol-_bigsqcupdot,30
MnSymbol-_sqcapdot,30
MnSymbol-_sqcupdot,30
amssymb-_mathfrak{Z},30
amssymb-_mathfrak{m},30
amssymb-_mathfrak{p},30
amssymb-_mathfrak{u},30
fdsymbol-_bigsqcapdot,30
fdsymbol-_bigsqcupdot,30
fdsymbol-_nDdashv,30
fdsymbol-_nvDdash,30
fdsymbol-_simneqq,30
fdsymbol-_sqcapdot,30
fdsymbol-_sqcupdot,30
logix-_NotTrpTurn,30
marvosym-_Neptune,30
mathabx-_nsqsubseteqq,30
mathabx-_nsqsupseteqq,30
stix-_simneqq,30
tipa-_textturnh,30
txfonts-_boxleft,30
txfonts-_boxright,30
wasysym-_ataribox,30
MnSymbol-_squigarrowdownup,29
MnSymbol-_squigarrowleftright,29
MnSymbol-_squigarrownesw,29
MnSymbol-_squigarrownwse,29
MnSymbol-_squigarrowrightleft,29
MnSymbol-_squigarrowsenw,29
MnSymbol-_squigarrowswne,29
MnSymbol-_squigarrowupdown,29
amssymb-_eth,29
amssymb-_mathfrak{V},29
dsfont-_mathds{G},29
fdsymbol-_dotcong,29
stix-_congdot,29
stix-_gggnest,29
stix-_lllnest,29
textcomp-_textservicemark,29
tipa-_textrhoticity,29
tipa-_textrtails,29
tipa-_textsoftsign,29
tipa-_texttctclig,29
tipa-_textteshlig,29
tipa-_textturnw,29
MnSymbol-_ncurvearrowsenw,28
MnSymbol-_ncurvearrowupdown,28
MnSymbol-_precnapprox,28
amssymb-_lnapprox,28
amssymb-_mathfrak{U},28
amssymb-_mathfrak{d},28
amssymb-_mathfrak{z},28
amssymb-_precnapprox,28
amssymb-_varsubsetneqq,28
dsfont-_mathds{T},28
fdsymbol-_precnapprox,28
mathabx-_precnapprox,28
mathabx-_varsubsetneqq,28
stix-_imageof,28
stix-_lat,28
stix-_lnapprox,28
stix-_origof,28
stix-_precnapprox,28
stix-_smt,28
stix-_typecolon,28
stix-_varsubsetneqq,28
stix-_veemidvert,28
stix-_wedgemidvert,28
stix2-_leftouterjoin,28
stix2-_rightouterjoin,28
txfonts-_multimapdotbothA,28
txfonts-_multimapdotbothAvert,28
txfonts-_multimapdotbothB,28
txfonts-_multimapdotbothBvert,28
MnSymbol-_downslice,27
MnSymbol-_dtimes,27
MnSymbol-_leftslice,27
MnSymbol-_nprecapprox,27
MnSymbol-_ntriplesim,27
MnSymbol-_rightslice,27
MnSymbol-_succapprox,27
MnSymbol-_upslice,27
MnSymbol-_utimes,27
amssymb-_succapprox,27
fdsymbol-_dtimes,27
fdsymbol-_nprecapprox,27
fdsymbol-_ntriplesim,27
fdsymbol-_oiiint,27
fdsymbol-_preceqq,27
fdsymbol-_succapprox,27
fdsymbol-_succeqq,27
fdsymbol-_utimes,27
logix-_SbXor,27
mathabx-_nsuccapprox,27
mathabx-_obot,27
mathabx-_oleft,27
mathabx-_oright,27
mathabx-_otop,27
mathabx-_succapprox,27
mathrsfs-_mathscr{K},27
mathrsfs-_mathscr{T},27
stix-_btimes,27
stix-_closedvarcap,27
stix-_closedvarcup,27
stix-_csub,27
stix-_csup,27
stix-_gtcc,27
stix-_ltcc,27
stix-_obot,27
stix-_oiiint,27
stix-_oiiintup,27
stix-_preceqq,27
stix-_subedot,27
stix-_succapprox,27
stix-_succeqq,27
stmaryrd-_leftslice,27
stmaryrd-_rightslice,27
textcomp-_textpertenthousand,27
tipa-_textbarb,27
txfonts-_nprecapprox,27
txfonts-_oiiint,27
txfonts-_preceqq,27
txfonts-_succeqq,27
wasysym-_pluto,27
MnSymbol-_diamondminus,26
MnSymbol-_diamondvert,26
amssymb-_mathfrak{D},26
amssymb-_mathfrak{Q},26
amssymb-_mathfrak{v},26
amssymb-_mathfrak{y},26
amssymb-_supsetneqq,26
dsfont-_mathds{S},26
fdsymbol-_rightanglesquare,26
mathabx-_supsetneqq,26
mathrsfs-_mathscr{Q},26
mathrsfs-_mathscr{U},26
stix-_cirfnint,26
stix-_cirfnintup,26
stix-_rightanglesqr,26
stix-_supedot,26
stix-_supsetneqq,26
stix-_tieinfty,26
tipa-_textObardotlessj,26
tipa-_textbarc,26
tipa-_textctn,26
MnSymbol-_curvearrowdownup,25
MnSymbol-_curvearrowleftright,25
MnSymbol-_curvearrownesw,25
MnSymbol-_curvearrownwse,25
MnSymbol-_curvearrowrightleft,25
MnSymbol-_curvearrowsenw,25
MnSymbol-_curvearrowswne,25
MnSymbol-_curvearrowupdown,25
MnSymbol-_lessapprox,25
MnSymbol-_lnapprox,25
MnSymbol-_ngeqdot,25
amssymb-_lessapprox,25
amssymb-_mathfrak{G},25
dsfont-_mathds{k},25
esint-_sqiint,25
marvosym-_Faxmachine,25
marvosym-_Pfund,25
mathabx-_curvearrowbotleftright,25
mathabx-_curvearrowleftright,25
stix-_lessapprox,25
textcomp-_textpilcrow,25
tipa-_textOlyoghlig,25
tipa-_texthtscg,25
tipa-_textlhookt,25
tipa-_textltailm,25
tipa-_textrhookschwa,25
txfonts-_sqiint,25
MnSymbol-_backcong,24
MnSymbol-_hcrossing,24
MnSymbol-_nbacktriplesim,24
MnSymbol-_neswcrossing,24
MnSymbol-_nwsecrossing,24
MnSymbol-_succnsim,24
MnSymbol-_vcrossing,24
amssymb-_mathfrak{j},24
amssymb-_succnsim,24
amssymb-_varsupsetneqq,24
fdsymbol-_backcong,24
fdsymbol-_crossing,24
fdsymbol-_measuredrightangle,24
fdsymbol-_pullback,24
fdsymbol-_pushout,24
fdsymbol-_succnsim,24
logix-_SbNor,24
marvosym-_Uranus,24
mathabx-_succnsim,24
mathabx-_varsupsetneqq,24
stix-_Coloneq,24
stix-_Gt,24
stix-_Lt,24
stix-_Vee,24
stix-_Wedge,24
stix-_backcong,24
stix-_iinfin,24
stix-_measuredrightangle,24
stix-_pullback,24
stix-_pushout,24
stix-_ruledelayed,24
stix-_simless,24
stix-_succnsim,24
stix-_triangleplus,24
stix-_varsupsetneqq,24
textcomp-_textnaira,24
tipa-_textbarl,24
tipa-_textctd,24
tipa-_textctesh,24
tipa-_textctj,24
tipa-_textctt,24
tipa-_texthtrtaild,24
tipa-_textscy,24
txfonts-_Coloneq,24
txfonts-_Coloneqq,24
amssymb-_mathfrak{T},23
amssymb-_mathfrak{W},23
amssymb-_mathfrak{c},23
amssymb-_mathfrak{n},23
amssymb-_mathfrak{q},23
dsfont-_mathds{V},23
fdsymbol-_dottimes,23
fdsymbol-_minusfdots,23
fdsymbol-_minusrdots,23
latex2e-_dot*,23
logix-_DAsterisk,23
logix-_DTimes,23
marvosym-_Pluto,23
mathabx-_dottimes,23
mathabx-_sqsubsetneqq,23
mathabx-_varsqsubsetneqq,23
mathrsfs-_mathscr{W},23
stix-_dashcolon,23
stix-_dottimes,23
stix-_minusfdots,23
stix-_minusrdots,23
stix-_prurel,23
stix-_scurel,23
stix-_simgtr,23
textcomp-_textblank,23
tipa-_textcrtwo,23
tipa-_texthtq,23
tipa-_textlyoghlig,23
tipa-_textrhookrevepsilon,23
tipa-_textrtaild,23
tipa-_textturna,23
tipa-_textturnmrleg,23
txfonts-_coloneq,23
txfonts-_eqcolon,23
MnSymbol-_nlesseqgtrslant,22
amssymb-_mathfrak{K},22
amssymb-_mathfrak{g},22
dsfont-_mathds{U},22
latex2e-_SS,22
logix-_NotTurnDWavy,22
mathrsfs-_mathscr{Z},22
stix-_Lparengtr,22
stix-_Rparenless,22
stix-_bigtalloblong,22
stix-_ddotseq,22
stix-_eqqplus,22
stix-_forksnot,22
stix-_interleave,22
stix-_pluseqq,22
stix-_pointint,22
stix-_pointintup,22
stix-_talloblong,22
stix-_trslash,22
stmaryrd-_fatbslash,22
stmaryrd-_fatslash,22
stmaryrd-_interleave,22
stmaryrd-_talloblong,22
tipa-_textbard,22
tipa-_texthardsign,22
tipa-_textltilde,22
tipa-_textrtaill,22
txfonts-_Eqqcolon,22
MnSymbol-_backtriplesim,21
MnSymbol-_closedcurlyvee,21
MnSymbol-_closedcurlywedge,21
MnSymbol-_closedprec,21
MnSymbol-_closedsucc,21
MnSymbol-_nclosedequal,21
MnSymbol-_nequalclosed,21
MnSymbol-_ngeqslantdot,21
MnSymbol-_triplesim,21
amssymb-_gnsim,21
fdsymbol-_nfrowneq,21
fdsymbol-_nfrownsmile,21
fdsymbol-_triplesim,21
halloweenmath-_bigpumpkin,21
halloweenmath-_pumpkin,21
logix-_NotTurnWavy,21
mathabx-_barleftharpoon,21
mathabx-_barrightharpoon,21
mathabx-_leftbarharpoon,21
mathabx-_nprecapprox,21
mathabx-_rightbarharpoon,21
mathabx-_sqsubsetneq,21
mathabx-_varsqsubsetneq,21
stix-_approxident,21
stix-_egsdot,21
stix-_elsdot,21
stix-_gesdot,21
stix-_gnsim,21
stix-_isinvb,21
stix-_kernelcontraction,21
stix-_leftarrowsubset,21
stix-_lesdot,21
stix-_niobar,21
stix-_rightarrowsupset,21
stix-_simrdots,21
stix-_sqsubsetneq,21
stix-_varniobar,21
textcomp-_textbaht,21
tipa-_textbardotlessj,21
tipa-_textbari,21
tipa-_textbeltl,21
tipa-_textcrg,21
tipa-_textctdctzlig,21
tipa-_texthtg,21
tipa-_texthvlig,21
tipa-_textrtailz,21
tipa-_textturncelig,21
txfonts-_DiamonddotLeft,21
txfonts-_DiamonddotRight,21
amssymb-_mathfrak{f},20
mathabx-_llcurly,20
stix-_Prec,20
stix-_nvinfty,20
textcomp-_textpeso,20
tipa-_textdctzlig,20
tipa-_textdyoghlig,20
tipa-_texthtd,20
tipa-_texthtp,20
txfonts-_dashleftrightarrow,20
txfonts-_oiintctrclockwise,20
amssymb-_mathfrak{C},19
amssymb-_mathfrak{i},19
amssymb-_mathfrak{s},19
amssymb-_mathfrak{t},19
logix-_TurnDWavy,19
stix-_doublebarvee,19
stix-_wedgedoublebar,19
textcomp-_textcircledP,19
tipa-_texthtb,19
tipa-_texththeng,19
txfonts-_sqiiint,19
MnSymbol-_bigplus,18
MnSymbol-_gtrneqqless,18
MnSymbol-_ngtreqlessslant,18
MnSymbol-_nleqslantdot,18
MnSymbol-_plus,18
MnSymbol-_precapprox,18
MnSymbol-_sumint,18
amssymb-_mathfrak{E},18
amssymb-_mathfrak{O},18
amssymb-_mathfrak{a},18
amssymb-_precapprox,18
dsfont-_mathds{Y},18
fdsymbol-_Ddashv,18
fdsymbol-_bigplus,18
fdsymbol-_frowneq,18
fdsymbol-_landupint,18
fdsymbol-_nbumpeqq,18
fdsymbol-_nstareq,18
fdsymbol-_osum,18
fdsymbol-_plus,18
fdsymbol-_precapprox,18
fdsymbol-_sumint,18
fdsymbol-_vDdash,18
fdsymbol-_varosum,18
fdsymbol-_varsumint,18
latex2e-+,18
logix-_Pls,18
logix-_SbNd,18
logix-_SbOr,18
logix-_TrpTurn,18
mathabx-_boxbot,18
mathabx-_boxleft,18
mathabx-_boxright,18
mathabx-_boxtop,18
mathabx-_pluscirc,18
mathabx-_precapprox,18
mathabx-_sqsubseteqq,18
mathabx-_sqsupseteqq,18
mathabx-_sqsupsetneq,18
mathabx-_varsqsupsetneq,18
stix-_arceq,18
stix-_capwedge,18
stix-_cupvee,18
stix-_doubleplus,18
stix-_gla,18
stix-_intclockwise,18
stix-_intclockwiseup,18
stix-_intx,18
stix-_intxup,18
stix-_lfbowtie,18
stix-_lsqhook,18
stix-_modtwosum,18
stix-_npolint,18
stix-_npolintup,18
stix-_olcross,18
stix-_opluslhrim,18
stix-_oplusrhrim,18
stix-_otimeslhrim,18
stix-_otimesrhrim,18
stix-_precapprox,18
stix-_rfbowtie,18
stix-_rsqhook,18
stix-_scpolint,18
stix-_scpolintup,18
stix-_sqsupsetneq,18
stix-_subsetplus,18
stix-_sumint,18
stix-_sumintup,18
stix-_supsetplus,18
stix-_tplus,18
stix-_twocaps,18
stix-_twocups,18
stix-_vDdash,18
stmaryrd-_leftrightarrowtriangle,18
stmaryrd-_vartimes,18
tipa-_textctc,18
tipa-_textdzlig,18
tipa-_texthtc,18
tipa-_texthtk,18
tipa-_textrtailr,18
tipa-_textturnm,18
txfonts-_multimapdotboth,18
txfonts-_multimapdotbothvert,18
txfonts-_oiintclockwise,18
txfonts-_openJoin,18
txfonts-_opentimes,18
amssymb-_gimel,17
amssymb-_mathfrak{Y},17
amssymb-_mathfrak{k},17
amssymb-_mathfrak{x},17
dsfont-_mathds{L},17
logix-_NotDTrpTurn,17
logix-_NotDTurnWavy,17
mathrsfs-_mathscr{Y},17
stix-_commaminus,17
stix-_eqvparsl,17
stix-_rightimply,17
stmaryrd-_moo,17
tipa-_textbarg,17
tipa-_textcommatailz,17
tipa-_textcttctclig,17
txfonts-_VvDash,17
wasysym-_neptune,17
wasysym-_uranus,17
MnSymbol-_nleqdot,16
amssymb-_mathfrak{H},16
amssymb-_mathfrak{L},16
amssymb-_mathfrak{e},16
amssymb-_mathfrak{l},16
fdsymbol-_succneqq,16
stix-_equivDD,16
stix-_lbracklltick,16
stix-_lbrackultick,16
stix-_plussim,16
stix-_rbracklrtick,16
stix-_rbrackurtick,16
stix-_simminussim,16
stix-_simplus,16
stix-_succneqq,16
tipa-_textwynn,16
txfonts-_boxLeft,16
txfonts-_boxRight,16
txfonts-_succneqq,16
MnSymbol-_diamonddiamond,15
MnSymbol-_geqslantdot,15
MnSymbol-_leqslantdot,15
MnSymbol-_nbackapproxeq,15
amssymb-_mathfrak{o},15
fdsymbol-_measuredrightangledot,15
fdsymbol-_precneq,15
fdsymbol-_stareq,15
logix-_NotDTurnDWavy,15
mathabx-_downdownharpoons,15
mathabx-_leftleftharpoons,15
mathabx-_precneq,15
mathabx-_rightrightharpoons,15
mathabx-_upupharpoons,15
stix-_approxeqq,15
stix-_dsub,15
stix-_eqqslantgtr,15
stix-_eqqslantless,15
stix-_equivVert,15
stix-_geqqslant,15
stix-_gesdoto,15
stix-_gesdotol,15
stix-_gsiml,15
stix-_gtquest,15
stix-_gtrarr,15
stix-_intcup,15
stix-_intcupup,15
stix-_intlarhk,15
stix-_intlarhkup,15
stix-_isins,15
stix-_leqqslant,15
stix-_lesdoto,15
stix-_lesdotor,15
stix-_lftimes,15
stix-_llangle,15
stix-_lparenless,15
stix-_ltlarr,15
stix-_nis,15
stix-_precneq,15
stix-_rftimes,15
stix-_rightanglemdot,15
stix-_rparengtr,15
stix-_rrangle,15
stix-_rsub,15
stix-_stareq,15
stix-_subsetapprox,15
stix-_supdsub,15
stix-_varisins,15
stix-_varnis,15
stmaryrd-_curlyveedownarrow,15
stmaryrd-_curlyveeuparrow,15
stmaryrd-_curlywedgedownarrow,15
stmaryrd-_curlywedgeuparrow,15
textcomp-_textdong,15
textcomp-_textguarani,15
tipa-_textbaru,15
tipa-_textctz,15
tipa-_textlengthmark,15
txfonts-_Diamondleft,15
txfonts-_Diamondright,15
MnSymbol-_bigdoublecurlyvee,14
MnSymbol-_bigdoublecurlywedge,14
MnSymbol-_doublecurlyvee,14
MnSymbol-_doublecurlywedge,14
MnSymbol-_lessneqqgtr,14
amssymb-_daleth,14
amssymb-_mathfrak{b},14
amssymb-_mathfrak{w},14
dsfont-_mathds{W},14
dsfont-_mathds{X},14
dsfont-_mathds{h},14
fdsymbol-_dotsminusdots,14
logix-_DTrpTurn,14
stix-_cupleftarrow,14
stix-_dotequiv,14
stix-_dotsminusdots,14
stix-_equivVvert,14
stix-_fcmp,14
stix-_simlE,14
stix-_subsub,14
stix-_supsup,14
stmaryrd-_fatsemi,14
tipa-_texthth,14
tipa-_textturnrrtail,14
MnSymbol-_closedequal,13
MnSymbol-_equalclosed,13
MnSymbol-_geqdot,13
MnSymbol-_leqdot,13
MnSymbol-_lesseqgtrslant,13
amssymb-_gneq,13
fdsymbol-_nsmileeq,13
stix-_capovercup,13
stix-_glE,13
stix-_gleichstark,13
stix-_gneq,13
stix-_lgE,13
stix-_parsim,13
textcomp-_textwon,13
txfonts-_colonsim,13
txfonts-_multimapdot,13
txfonts-_multimapdotinv,13
MnSymbol-_fivedots,12
MnSymbol-_gtreqlessslant,12
fdsymbol-_backsimneqq,12
fdsymbol-_bumpeqq,12
fdsymbol-_frownsmile,12
fdsymbol-_landdownint,12
fdsymbol-_precneqq,12
fdsymbol-_succneq,12
logix-_CircNor,12
logix-_CircXor,12
logix-_Dor,12
mathabx-_bigvarstar,12
mathabx-_ggcurly,12
mathabx-_succneq,12
mathabx-_varstar,12
stix-_Lvzigzag,12
stix-_Rvzigzag,12
stix-_Succ,12
stix-_awint,12
stix-_awintup,12
stix-_bumpeqq,12
stix-_capbarcup,12
stix-_cirbot,12
stix-_closure,12
stix-_cupovercap,12
stix-_dashVdash,12
stix-_eqdef,12
stix-_equalparallel,12
stix-_gescc,12
stix-_intcap,12
stix-_intcapup,12
stix-_leftdbltail,12
stix-_lescc,12
stix-_lozengeminus,12
stix-_lvzigzag,12
stix-_nhVvert,12
stix-_plushat,12
stix-_plustrif,12
stix-_precneqq,12
stix-_rightdbltail,12
stix-_rppolint,12
stix-_rppolintup,12
stix-_rvzigzag,12
stix-_smashtimes,12
stix-_submult,12
stix-_succneq,12
stix-_suphsub,12
stix-_supmult,12
stix-_supsim,12
stix-_tripleplus,12
stix-_uminus,12
stix-_vBarv,12
stix-_veeodot,12
stix-_whitesquaretickleft,12
stix-_whitesquaretickright,12
stix-_wideangledown,12
stix-_wideangleup,12
tipa-_texttslig,12
txfonts-_DiamondLeft,12
txfonts-_DiamondRight,12
txfonts-_Diamonddotleft,12
txfonts-_Diamonddotright,12
txfonts-_boxdotLeft,12
txfonts-_boxdotRight,12
txfonts-_boxdotleft,12
txfonts-_boxdotright,12
txfonts-_precneqq,12
txfonts-_varoiiintclockwise,12
amssymb-_beth,11
amssymb-_gnapprox,11
amssymb-_mathfrak{h},11
dsfont-_mathds{J},11
logix-_DTurnWavy,11
logix-_TripleQuote,11
stix-_Lbrbrak,11
stix-_Rbrbrak,11
stix-_asteq,11
stix-_closedvarcupsmashprod,11
stix-_dotsim,11
stix-_gnapprox,11
stix-_lblkbrbrak,11
stix-_otimeshat,11
stix-_plussubtwo,11
stix-_questeq,11
stix-_rangledownzigzagarrow,11
stix-_rblkbrbrak,11
stix2-_fullouterjoin,11
stix-_eqeqeq,10
stix-_measeq,10
stix-_smeparsl,10
tipa-_textturnk,10
txfonts-_varoiiintctrclockwise,10
MnSymbol-_backapproxeq,9
MnSymbol-_diamonddots,9
MnSymbol-_squaredots,9
logix-_DTurnDWavy,9
logix-_Dnt,9
logix-_SbNand,9
mathabx-_sqsupsetneqq,9
mathabx-_varsqsupsetneqq,9
stix-_Bbbsum,9
stix-_DashVDash,9
stix-_angles,9
stix-_cupbarcap,9
stix-_gesles,9
stix-_hatapprox,9
stix-_isinE,9
stix-_isindot,9
stix-_langledot,9
stix-_lesges,9
stix-_ltquest,9
stix-_rangledot,9
stix-_simgE,9
stix-_supsetapprox,9
txfonts-_Colonapprox,9
txfonts-_Eqcolon,9
txfonts-_circleddotleft,9
txfonts-_circleddotright,9
txfonts-_varoiintclockwise,9
fdsymbol-_smileeq,8
logix-_Ddagger,8
stix-_glj,8
stix-_veeonwedge,8
tipa-_textturnt,8
txfonts-_oiiintclockwise,8
txfonts-_oiiintctrclockwise,8
txfonts-_strictiff,8
txfonts-_varoiintctrclockwise,8
logix-_Ddaggerr,7
logix-_TurnWavy,7
mathabx-_convolution,6
stix-_eqeq,6
stix-_eqqsim,6
stix-_invlazys,6
stix-_leftarrowless,6
stix-_lsimg,6
stix-_rightarrowgtr,6
stix-_subsim,6
stix-_threedangle,6
txfonts-_Colonsim,6
txfonts-_colonapprox,6
