latex2e-OT1-_Sigma,5834
latex2e-OT1-_int,4507
latex2e-OT1-_alpha,3061
latex2e-OT1-_bigcirc,2867
latex2e-OT1-_sim,2867
latex2e-OT1-_equiv,2452
latex2e-OT1-_partial,2444
latex2e-OT1-_Lambda,2338
latex2e-OT1-_approx,2316
dsfont-OT1-_mathds{R},2288
latex2e-OT1-_xi,2260
latex2e-OT1-_O,2222
latex2e-OT1-_infty,2159
latex2e-OT1-_Longrightarrow,2149
latex2e-OT1-_pi,2098
latex2e-OT1-_varphi,2080
latex2e-OT1-_times,2051
latex2e-OT1-_Pi,2020
latex2e-OT1-_pm,1968
amssymb-OT1-_square,1891
latex2e-OT1-_longrightarrow,1889
amssymb-OT1-_neq,1806
latex2e-OT1-_bot,1775
latex2e-OT1-_epsilon,1767
latex2e-OT1-_subseteq,1723
latex2e-OT1-_bigoplus,1695
latex2e-OT1-_Phi,1650
latex2e-OT1-_textbraceleft,1632
latex2e-OT1-_propto,1609
latex2e-OT1-_Delta,1599
latex2e-OT1-_heartsuit,1577
latex2e-OT1-_forall,1560
latex2e-OT1-_beta,1549
latex2e-OT1-_varepsilon,1547
latex2e-OT1-_sigma,1541
latex2e-OT1-_Leftrightarrow,1536
latex2e-OT1-_lambda,1535
latex2e-OT1-_bigtriangledown,1531
latex2e-OT1-_&,1500
latex2e-OT1-_bigcap,1481
latex2e-OT1-_exists,1469
latex2e-OT1-_chi,1464
latex2e-OT1-_cong,1438
latex2e-OT1-_bigcup,1427
latex2e-OT1-_Omega,1322
bbold-OT1-_mathbb{1},1318
latex2e-OT1-_sqrt{},1315
latex2e-OT1-_notin,1305
latex2e-OT1-_mu,1295
latex2e-OT1-_Psi,1294
latex2e-OT1-_gamma,1290
marvosym-OT1-_Smiley,1252
marvosym-OT1-_MVAt,1238
latex2e-OT1-_oint,1233
amssymb-OT1-_checkmark,1230
latex2e-OT1-_bigotimes,1209
latex2e-OT1-_#,1209
latex2e-OT1-_mid,1161
latex2e-OT1-_delta,1108
latex2e-OT1-_vdash,1101
amssymb-OT1-_leq,1090
latex2e-OT1-_longmapsto,1063
latex2e-OT1-_simeq,1054
amssymb-OT1-_ll,1040
dsfont-OT1-_mathds{Z},1038
latex2e-OT1-_langle,1011
dsfont-OT1-_mathds{N},1010
wasysym-OT1-_smiley,996
latex2e-OT1-_backslash,982
latex2e-OT1-_bigvee,979
latex2e-OT1-_bullet,961
latex2e-OT1-_ell,956
amssymb-OT1-_geq,930
latex2e-OT1-_lnot,914
latex2e-OT1-_omega,897
amssymb-OT1-_lesssim,895
latex2e-OT1-_zeta,884
latex2e-OT1-_rho,881
latex2e-OT1-_%,874
mathrsfs-OT1-_mathscr{L},869
latex2e-OT1-/,863
latex2e-OT1-_--,862
latex2e-OT1-[,862
amssymb-OT1-_therefore,833
amssymb-OT1-_mathcal{L},818
latex2e-OT1-_star,811
latex2e-OT1-_bigodot,791
latex2e-OT1-_eta,777
latex2e-OT1-_subset,774
marvosym-OT1-_Lightning,770
latex2e-OT1-_S,766
latex2e-OT1-_textless,761
marvosym-OT1-_EUR,755
latex2e-OT1-_models,753
amssymb-OT1-_gg,753
latex2e-OT1-_Vert,743
latex2e-OT1-_textgreater,743
amssymb-OT1-_gtrsim,738
latex2e-OT1-_hookrightarrow,736
stmaryrd-OT1-_llbracket,688
amssymb-OT1-_mathcal{O},665
latex2e-OT1-_Gamma,656
latex2e-OT1-!`,647
latex2e-OT1-_tau,638
latex2e-OT1-_leftrightarrow,624
latex2e-OT1-_dag,622
latex2e-OT1-_cdots,617
latex2e-OT1-_ast,579
latex2e-OT1-_hbar,573
latex2e-OT1-_aleph,573
amssymb-OT1-_blacksquare,569
latex2e-OT1-_$,561
latex2e-OT1-_theta,553
latex2e-OT1-_diamond,548
latex2e-OT1-_textregistered,537
amssymb-OT1-_triangleq,507
latexsym-OT1-_leadsto,503
latex2e-OT1-_bowtie,498
latex2e-OT1-_ni,497
amssymb-OT1-_nmid,493
latex2e-OT1-_nu,488
marvosym-OT1-_Bat,484
latex2e-OT1-_copyright,479
latex2e-OT1-_lfloor,462
latex2e-OT1-_not_equiv,453
latex2e-OT1-_AA,449
latex2e-OT1-_prec,435
latex2e-OT1-_Xi,434
latex2e-OT1-_top,425
amssymb-OT1-_mathcal{N},416
latex2e-OT1-_triangleright,415
amssymb-OT1-_leqslant,412
latex2e-OT1-_textasciicircum,409
amssymb-OT1-_mathcal{P},409
amssymb-OT1-_subsetneq,405
latex2e-OT1-_vartheta,393
latex2e-OT1-_ddots,390
latex2e-OT1-_bigsqcup,389
latex2e-OT1-_lceil,388
latex2e-OT1-_supseteq,387
dsfont-OT1-_mathds{C},387
latex2e-OT1-_wp,382
esint-OT1-_oiint,377
amssymb-OT1-_twoheadrightarrow,370
latex2e-OT1-_vdots,369
latex2e-OT1-_Theta,368
latex2e-OT1-_supset,358
latex2e-OT1-_amalg,354
amssymb-OT1-_mathcal{F},346
amssymb-OT1-_geqslant,338
amssymb-OT1-_mathcal{A},335
esint-OT1-_fint,333
latex2e-OT1-_div,331
amssymb-OT1-_nexists,327
latex2e-OT1-_uparrow,320
latex2e-OT1-_textbraceright,317
wasysym-OT1-_female,310
latex2e-OT1-_succ,309
textcomp-OT1-_textdollaroldstyle,308
latex2e-OT1-_downarrow,295
latex2e-OT1-_Upsilon,289
latex2e-OT1-_triangleleft,287
tipa-OT1-_textsca,286
latex2e-OT1-_mathsterling,285
latex2e-OT1-_ae,282
gensymb-OT1-_celsius,281
amssymb-OT1-_rtimes,276
latex2e-OT1-_sqsubseteq,274
marvosym-OT1-_Ecommerce,272
marvosym-OT1-_Frowny,272
amssymb-OT1-_trianglelefteq,270
marvosym-OT1-_Telefon,264
latex2e-OT1-_textvisiblespace,260
amsmath-OT1-_iint,259
latex2e-OT1-_preceq,254
textcomp-OT1-_texttwosuperior,254
latex2e-OT1-_clubsuit,246
amssymb-OT1-_mathcal{M},246
amssymb-OT1-_mathfrak{S},246
wasysym-OT1-_frownie,245
latex2e-OT1-_kappa,242
latex2e-OT1-_rightharpoonup,240
wasysym-OT1-_male,239
latex2e-OT1-_aa,238
amssymb-OT1-_mathcal{H},238
latex2e-OT1-_biguplus,236
latex2e-OT1-_textordfeminine,234
stmaryrd-OT1-_rrbracket,233
latex2e-OT1-_textquestiondown,232
latex2e-OT1-_rightleftharpoons,231
latex2e-OT1-_angle,230
latex2e-OT1-_ss,229
mathrsfs-OT1-_mathscr{C},229
latex2e-OT1-_prime,228
textcomp-OT1-_textonehalf,228
latex2e-OT1-_rangle,226
latex2e-OT1-_spadesuit,226
latex2e-OT1-_nearrow,221
amssymb-OT1-_rightsquigarrow,220
marvosym-OT1-_Yinyang,219
textcomp-OT1-_textperthousand,206
mathrsfs-OT1-_mathscr{A},206
amssymb-OT1-_mathcal{D},205
latex2e-OT1-_Re,204
dsfont-OT1-_mathds{Q},203
mathrsfs-OT1-_mathscr{S},203
amssymb-OT1-_nsubseteq,200
marvosym-OT1-_Letter,200
latex2e-OT1-_leftarrow,197
textcomp-OT1-_textcent,194
mathdots-OT1-_iddots,192
amssymb-OT1-_mathcal{S},192
amssymb-OT1-_mathcal{C},191
amssymb-OT1-_nrightarrow,189
latex2e-OT1-_sharp,189
latex2e-OT1-_textquotedblleft,187
amssymb-OT1-_ltimes,186
dsfont-OT1-_mathds{P},182
latex2e-T1-_textquotedbl,181
latex2e-OT1-_varrho,180
amssymb-OT1-_mathcal{T},180
tipa-OT1-_textscripta,179
latex2e-OT1-_Downarrow,179
mathrsfs-OT1-_mathscr{H},179
textcomp-OT1-_textinterrobang,177
amssymb-OT1-_mathcal{Z},177
amsmath-OT1-_iiint,176
latex2e-OT1-_varpi,175
amssymb-OT1-_curvearrowright,175
latex2e-OT1-],174
amssymb-OT1-_mathfrak{A},172
amssymb-OT1-_backsim,170
latex2e-OT1-_texttrademark,168
amssymb-OT1-_mathcal{B},168
mathrsfs-OT1-_mathscr{D},168
latex2e-OT1-_sqcap,166
dsfont-OT1-_mathds{E},166
latex2e-OT1-_searrow,164
marvosym-OT1-_Ankh,162
amssymb-OT1-_boxtimes,161
textcomp-OT1-_textmusicalnote,160
latex2e-OT1-_succeq,160
amssymb-OT1-_rightrightarrows,159
amssymb-OT1-_mathcal{R},157
latex2e-OT1-_asymp,155
amssymb-OT1-_because,155
wasysym-OT1-_sun,155
stmaryrd-OT1-_longmapsfrom,154
latex2e-OT1-_Leftarrow,152
marvosym-OT1-_Cross,150
wasysym-OT1-_cancer,147
latex2e-OT1-_doteq,146
amssymb-OT1-_Vdash,145
tipa-OT1-_textbabygamma,141
latex2e-OT1-_Im,141
amssymb-OT1-_circlearrowleft,141
mathrsfs-OT1-_mathscr{F},141
amssymb-OT1-_upharpoonright,139
latex2e-OT1-_ominus,137
latex2e-OT1-_ddag,136
latex2e-OT1-_flat,134
latex2e-OT1-_upsilon,133
latex2e-OT1-_textquotedblright,133
wasysym-OT1-_leo,133
amssymb-OT1-_rightleftarrows,133
latex2e-OT1-_iota,132
wasysym-OT1-_libra,131
amssymb-OT1-_circledast,130
latex2e-OT1-_frown,129
latex2e-T1-_guillemotleft,128
latex2e-OT1-_dashv,126
amssymb-OT1-_nvDash,125
latex2e-T1-_TH,124
amssymb-OT1-_mathcal{U},124
wasysym-OT1-_jupiter,123
latex2e-T1-_dh,122
amssymb-OT1-_mathfrak{X},121
latex2e-OT1-_mp,120
amssymb-OT1-_mathcal{G},119
latex2e-T1-_dj,118
wasysym-OT1-_scorpio,117
textcomp-OT1-_textdblhyphen,116
amssymb-OT1-_gtrless,116
mathrsfs-OT1-_mathscr{E},115
wasysym-OT1-_blacksmiley,115
amssymb-OT1-_nRightarrow,112
wasysym-OT1-_leftmoon,112
wasysym-OT1-_aquarius,111
mathrsfs-OT1-_mathscr{P},111
textcomp-OT1-_textthreesuperior,110
amssymb-OT1-_boxplus,109
marvosym-OT1-_Denarius,108
latex2e-OT1-_L,107
latex2e-OT1-_varsigma,107
latex2e-OT1-_jmath,106
amssymb-OT1-_varkappa,106
marvosym-OT1-_Mundus,106
latex2e-OT1-_imath,105
latex2e-OT1-_AE,105
tipa-OT1-_textyogh,105
amssymb-OT1-_circlearrowright,105
latex2e-OT1-_rfloor,105
amssymb-OT1-_ulcorner,99
amssymb-OT1-_sphericalangle,99
amssymb-OT1-_mho,98
latex2e-OT1-_wr,98
amssymb-OT1-_blacktriangle,97
tipa-OT1-_textschwa,97
latex2e-OT1-_smile,96
amssymb-OT1-_dashrightarrow,95
marvosym-OT1-_CircledA,95
textcomp-OT1-_textyen,94
upgreek-OT1-_upnu,94
amssymb-OT1-_measuredangle,94
amssymb-OT1-_nless,93
amssymb-OT1-_mathfrak{M},93
amssymb-OT1-_multimap,92
textcomp-OT1-_textreferencemark,90
latex2e-OT1-_not_sim,88
wasysym-OT1-_mercury,88
amssymb-OT1-_succcurlyeq,87
amssymb-OT1-_diagup,87
amssymb-OT1-_mathcal{I},87
latex2e-OT1-_rceil,86
marvosym-OT1-_Mobilefone,86
amssymb-OT1-_subsetneqq,85
latex2e-OT1-_P,84
marvosym-OT1-_Moon,84
amssymb-OT1-_pitchfork,83
amssymb-OT1-_ngtr,83
latex2e-OT1-_not_approx,82
amssymb-OT1-_ncong,82
mathrsfs-OT1-_mathscr{B},81
amssymb-OT1-_circledcirc,80
amssymb-OT1-_between,80
amssymb-OT1-_approxeq,79
mathrsfs-OT1-_mathscr{M},79
latex2e-T1-_guillemotright,78
tipa-OT1-_textscr,78
amssymb-OT1-_smallsetminus,78
amssymb-OT1-_preccurlyeq,77
mathrsfs-OT1-_mathscr{I},76
amssymb-OT1-_mathcal{Q},75
wasysym-OT1-_bell,75
textcomp-OT1-_textcurrency,74
wasysym-OT1-_earth,74
latex2e-OT1-_l,74
tipa-OT1-_textramshorns,74
amssymb-OT1-_mathcal{K},74
textcomp-OT1-_textonesuperior,73
amssymb-OT1-_complement,72
amssymb-OT1-_boxdot,72
cmll-OT1-_parr,72
mathrsfs-OT1-_mathscr{R},72
amsmath-OT1-_idotsint,71
latex2e-OT1-_textquoteright,71
latex2e-T1-_DH,70
dsfont-OT1-_mathds{B},70
textcomp-OT1-_textnumero,69
amssymb-OT1-_sqsubset,69
dsfont-OT1-_mathds{F},69
wasysym-OT1-_capricornus,68
latex2e-T1-_ng,68
amssymb-OT1-_rightarrowtail,68
latex2e-OT1-_colon,68
textcomp-OT1-_textquotesingle,67
dsfont-OT1-_mathds{I},67
amssymb-OT1-_supsetneq,66
amssymb-OT1-_urcorner,66
latex2e-OT1-_natural,66
amssymb-OT1-_diagdown,66
amssymb-OT1-_mathcal{W},65
wasysym-OT1-_pointer,65
amssymb-OT1-_blacktriangledown,64
tipa-OT1-_textscb,64
amssymb-OT1-_nleq,64
wasysym-OT1-_gemini,63
amssymb-OT1-_circleddash,63
amssymb-OT1-_Subset,63
stmaryrd-OT1-_llparenthesis,63
amssymb-OT1-_maltese,62
esint-OT1-_ointctrclockwise,62
amssymb-OT1-_leqq,62
amssymb-OT1-_mathfrak{F},61
marvosym-OT1-_Celtcross,61
wasysym-OT1-_taurus,60
textcomp-OT1-_textcopyleft,59
amssymb-OT1-_leftrightsquigarrow,59
amssymb-OT1-_backsimeq,58
tipa-OT1-_textrtailn,57
tipa-OT1-_textctyogh,57
esint-OT1-_varointctrclockwise,57
tipa-OT1-_textscg,56
amssymb-OT1-_veebar,56
tipa-OT1-_textscl,55
stmaryrd-OT1-_rightarrowtriangle,55
amssymb-OT1-_Game,55
amssymb-OT1-_trianglerighteq,54
latex2e-OT1-_textordmasculine,54
amsmath-OT1-_iiiint,53
wasysym-OT1-_saturn,53
tipa-OT1-_textsch,53
latex2e-OT1-_Updownarrow,53
wasysym-OT1-_pisces,52
latex2e-OT1-_oe,52
tipa-OT1-_textsce,51
amssymb-OT1-_barwedge,51
dsfont-OT1-_mathds{A},51
textcomp-OT1-_textlira,50
amssymb-OT1-_succsim,50
amssymb-OT1-_curlywedge,49
amssymb-OT1-_upharpoonleft,49
tipa-OT1-_textcrlambda,48
amssymb-OT1-_lessgtr,48
latex2e-OT1-_hookleftarrow,48
amssymb-OT1-_mathfrak{P},48
amssymb-OT1-_Bumpeq,47
latex2e-OT1-_Uparrow,47
mathrsfs-OT1-_mathscr{X},47
amssymb-OT1-_nLeftrightarrow,46
marvosym-OT1-_Email,46
tipa-OT1-_textsci,45
tipa-OT1-_textscn,45
amssymb-OT1-_ggg,45
amssymb-OT1-_lneq,45
stmaryrd-OT1-_Lbag,45
wasysym-OT1-_virgo,44
tipa-OT1-_textg,44
amssymb-OT1-_digamma,44
mathrsfs-OT1-_mathscr{V},44
wasysym-OT1-_invdiameter,44
amssymb-OT1-_Bbbk,43
textcomp-OT1-_textflorin,42
amssymb-OT1-_nvdash,42
wasysym-OT1-_recorder,41
amssymb-OT1-_sqsupset,41
amssymb-OT1-_looparrowright,41
amssymb-OT1-_leftrightharpoons,41
amssymb-OT1-_precsim,40
amssymb-OT1-_geqq,40
latex2e-OT1-_updownarrow,40
tipa-OT1-_textglotstop,39
amssymb-OT1-_Rrightarrow,39
wasysym-OT1-_sagittarius,38
latex2e-OT1-_OE,37
tipa-OT1-_textopeno,37
latex2e-OT1-_oslash,37
latex2e-OT1-_not_simeq,37
amssymb-OT1-_doteqdot,37
amssymb-OT1-_ngeq,37
amssymb-OT1-_lessdot,37
amssymb-OT1-_eth,37
dsfont-OT1-_mathds{D},37
latex2e-OT1-_textquoteleft,36
textcomp-OT1-_textrecipe,36
amssymb-OT1-_curlyvee,36
amssymb-OT1-_Cap,36
amssymb-OT1-_circeq,36
amssymb-OT1-_nparallel,36
stmaryrd-OT1-_nnearrow,36
textcomp-OT1-_textthreequarters,36
amssymb-OT1-_mathfrak{J},36
marvosym-OT1-_FAX,35
stmaryrd-OT1-_Longmapsto,35
tipa-OT1-_texthtt,35
amssymb-OT1-_dotplus,35
amssymb-OT1-_eqcirc,35
latex2e-OT1-_nwarrow,35
amssymb-OT1-_curvearrowleft,35
textcomp-OT1-_textbrokenbar,34
textcomp-OT1-_textonequarter,34
amssymb-OT1-_mathcal{Y},34
dsfont-OT1-_mathds{H},34
mathrsfs-OT1-_mathscr{G},34
amssymb-OT1-_boxminus,33
latex2e-OT1-_leftharpoonup,33
wasysym-OT1-_LEFTarrow,32
tipa-OT1-_textscj,32
latex2e-OT1-_swarrow,32
amssymb-OT1-_mathfrak{B},32
amssymb-OT1-_mathfrak{N},32
dsfont-OT1-_mathds{K},32
mathrsfs-OT1-_mathscr{J},32
tipa-OT1-_textturny,31
latex2e-OT1-_sqsupseteq,31
mathrsfs-OT1-_mathscr{O},31
amssymb-OT1-_lvertneqq,30
latex2e-OT1-_rightharpoondown,30
amssymb-OT1-_nleftrightarrow,30
amssymb-OT1-_mathfrak{m},30
dsfont-OT1-_mathds{O},30
wasysym-OT1-_ataribox,30
amssymb-OT1-_lesseqgtr,29
amssymb-OT1-_mathfrak{r},29
amssymb-OT1-_backprime,28
amssymb-OT1-_mathfrak{d},28
amssymb-OT1-_mathfrak{z},28
marvosym-OT1-_Emailct,28
stmaryrd-OT1-_Longmapsfrom,27
tipa-OT1-_textbarb,27
tipa-OT1-_textrtailt,27
amssymb-OT1-_nsupseteq,27
amssymb-OT1-_ngeqq,27
amssymb-OT1-_circledS,27
mathrsfs-OT1-_mathscr{T},27
wasysym-OT1-_pluto,27
marvosym-OT1-_Neptune,27
wasysym-OT1-_wasylozenge,27
tipa-OT1-_textrtails,26
tipa-OT1-_texttctclig,26
textcomp-OT1-_texteuro,26
amssymb-OT1-_Cup,26
esint-OT1-_sqint,26
stmaryrd-OT1-_niplus,26
amssymb-OT1-_gtreqless,26
amssymb-OT1-_Finv,26
amssymb-OT1-_mathfrak{Q},26
tipa-OT1-_textlhookt,25
tipa-OT1-_textOlyoghlig,25
tipa-OT1-_textturnh,25
tipa-OT1-_textrhookschwa,25
amssymb-OT1-_lessapprox,25
amssymb-OT1-_gtrapprox,25
amssymb-OT1-_Rsh,25
amssymb-OT1-_mathfrak{u},25
marvosym-OT1-_Faxmachine,25
tipa-OT1-_textinvglotstop,24
tipa-OT1-_textscriptg,24
tipa-OT1-_textctd,24
tipa-OT1-_textctj,24
tipa-OT1-_textrevyogh,24
amssymb-OT1-_rightthreetimes,24
amssymb-OT1-_divideontimes,24
amssymb-OT1-_curlyeqsucc,24
amssymb-OT1-_nsupseteqq,24
amssymb-OT1-_lll,24
amssymb-OT1-_lneqq,24
stmaryrd-OT1-_nnwarrow,24
marvosym-OT1-_Uranus,24
tipa-OT1-_textlyoghlig,23
tipa-OT1-_textrevapostrophe,23
amssymb-OT1-_lnsim,23
stmaryrd-OT1-_leftrightarroweq,23
amssymb-OT1-_mathfrak{D},23
amssymb-OT1-_mathfrak{U},23
amssymb-OT1-_mathfrak{n},23
dsfont-OT1-_mathds{T},23
dsfont-OT1-_mathds{V},23
mathrsfs-OT1-_mathscr{K},23
latex2e-T1-_guilsinglleft,22
tipa-OT1-_texthardsign,22
tipa-OT1-_textltailm,22
tipa-OT1-_textturnw,22
marvosym-OT1-_Pfund,22
esint-OT1-_ointclockwise,22
esint-OT1-_varointclockwise,22
amssymb-OT1-_subseteqq,22
stmaryrd-OT1-_llceil,22
amssymb-OT1-_mathfrak{g},22
dsfont-OT1-_mathds{G},22
dsfont-OT1-_mathds{S},22
mathrsfs-OT1-_mathscr{Q},22
tipa-OT1-_textltailn,21
tipa-OT1-_textctn,21
textcomp-OT1-_textservicemark,21
esint-OT1-_landdownint,21
amssymb-OT1-_lrcorner,21
mathrsfs-OT1-_mathscr{U},21
latex2e-T1-_guilsinglright,20
tipa-OT1-_textbarl,20
tipa-OT1-_textsoftsign,20
tipa-OT1-_textctt,20
tipa-OT1-_textrhoticity,20
textcomp-OT1-_textblank,20
textcomp-OT1-_textpertenthousand,20
textcomp-OT1-_textpilcrow,20
amssymb-OT1-_nshortparallel,20
amssymb-OT1-_nsucceq,20
amssymb-OT1-_lnapprox,20
amssymb-OT1-_leftarrowtail,20
stmaryrd-OT1-_rrceil,20
marvosym-OT1-_Pluto,20
tipa-OT1-_textbarglotstop,19
tipa-OT1-_textrevglotstop,19
stmaryrd-OT1-_llfloor,19
amssymb-OT1-_mathfrak{Z},19
amssymb-OT1-_mathfrak{t},19
mathrsfs-OT1-_mathscr{W},19
wasysym-OT1-_opposition,19
wasysym-OT1-_descnode,19
latex2e-OT1-_SS,18
tipa-OT1-_textbard,18
tipa-OT1-_textrthook,18
tipa-OT1-_textbari,18
tipa-OT1-_texthtk,18
tipa-OT1-_textcrg,18
tipa-OT1-_textteshlig,18
tipa-OT1-_textctc,18
tipa-OT1-_textturnlonglegr,18
tipa-OT1-_textraiseglotstop,18
amssymb-OT1-_nsucc,18
amssymb-OT1-_gtrdot,18
amssymb-OT1-_gvertneqq,18
amssymb-OT1-_leftrightarrows,18
amssymb-OT1-_looparrowleft,18
amssymb-OT1-_nLeftarrow,18
textcomp-OT1-_textlquill,18
amssymb-OT1-_mathfrak{K},18
amssymb-OT1-_mathfrak{O},18
amssymb-OT1-_mathfrak{a},18
amssymb-OT1-_mathfrak{p},18
amssymb-OT1-_mathfrak{q},18
amssymb-OT1-_mathfrak{v},18
tipa-OT1-_textbarc,17
tipa-OT1-_texthtd,17
tipa-OT1-_textcloseomega,17
tipa-OT1-_textcloserevepsilon,17
tipa-OT1-_textcrinvglotstop,17
tipa-OT1-_textlonglegr,17
tipa-OT1-_textltilde,17
tipa-OT1-_textctdctzlig,17
tipa-OT1-_textdoublebaresh,17
tipa-OT1-_textreve,17
tipa-OT1-_textrtaill,17
amssymb-OT1-_fallingdotseq,17
amssymb-OT1-_precnsim,17
amssymb-OT1-_eqslantless,17
amssymb-OT1-_gnsim,17
amssymb-OT1-_nleftarrow,17
wasysym-OT1-_uranus,17
tipa-OT1-_textbarg,16
tipa-OT1-_texthtscg,16
tipa-OT1-_textinvscr,16
tipa-OT1-_textturncelig,16
tipa-OT1-_textdctzlig,16
tipa-OT1-_textturnscripta,16
tipa-OT1-_textdyoghlig,16
amssymb-OT1-_risingdotseq,16
amssymb-OT1-_Vvdash,16
amssymb-OT1-_npreceq,16
amssymb-OT1-_eqslantgtr,16
amssymb-OT1-_nleqslant,16
amssymb-OT1-_gneqq,16
amssymb-OT1-_Lleftarrow,16
amssymb-OT1-_downdownarrows,16
stmaryrd-OT1-_sswarrow,16
stmaryrd-OT1-_rrparenthesis,16
amssymb-OT1-_mathfrak{G},16
amssymb-OT1-_mathfrak{V},16
amssymb-OT1-_mathfrak{e},16
amssymb-OT1-_mathfrak{f},16
amssymb-OT1-_mathfrak{l},16
dsfont-OT1-_mathds{M},16
tipa-OT1-_textbardotlessj,15
tipa-OT1-_texthtrtaild,15
tipa-OT1-_textscy,15
tipa-OT1-_textlhtlongy,15
tipa-OT1-_textcrtwo,15
tipa-OT1-_textctesh,15
textcomp-OT1-_textdong,15
esint-OT1-_landupint,15
amssymb-OT1-_succapprox,15
amssymb-OT1-_precapprox,15
amssymb-OT1-_varsubsetneqq,15
amssymb-OT1-_varsupsetneqq,15
stmaryrd-OT1-_rrfloor,15
amssymb-OT1-_mathfrak{T},15
amssymb-OT1-_mathfrak{c},15
amssymb-OT1-_mathfrak{j},15
amssymb-OT1-_mathfrak{o},15
amssymb-OT1-_mathfrak{s},15
dsfont-OT1-_mathds{k},15
mathrsfs-OT1-_mathscr{Y},15
latex2e-T1-_NG,14
tipa-OT1-_texththeng,14
tipa-OT1-_textcloseepsilon,14
tipa-OT1-_textObardotlessj,14
tipa-OT1-_textturnm,14
tipa-OT1-_textturnrrtail,14
tipa-OT1-_textdzlig,14
tipa-OT1-_textfishhookr,14
tipa-OT1-_textvibyy,14
textcomp-OT1-_textnaira,14
amssymb-OT1-_doublebarwedge,14
esint-OT1-_sqiint,14
amssymb-OT1-_nprec,14
amssymb-OT1-_succnsim,14
amssymb-OT1-_Supset,14
amssymb-OT1-_supseteqq,14
amssymb-OT1-_downharpoonleft,14
amssymb-OT1-_downharpoonright,14
amssymb-OT1-_mathfrak{C},14
amssymb-OT1-_mathfrak{w},14
dsfont-OT1-_mathds{h},14
dsfont-OT1-_mathds{U},14
dsfont-OT1-_mathds{W},14
dsfont-OT1-_mathds{X},14
tipa-OT1-_texthooktop,13
tipa-OT1-_textrtailz,13
tipa-OT1-_textcommatailz,13
tipa-OT1-_textcttctclig,13
tipa-OT1-_textturnmrleg,13
tipa-OT1-_textturnr,13
tipa-OT1-_textrtaild,13
textcomp-OT1-_textbaht,13
textcomp-OT1-_textwon,13
amssymb-OT1-_precnapprox,13
amssymb-OT1-_nleqq,13
amssymb-OT1-_gneq,13
amssymb-OT1-_ntrianglerighteq,13
amssymb-OT1-_leftleftarrows,13
amssymb-OT1-_dashleftarrow,13
amssymb-OT1-_twoheadleftarrow,13
amssymb-OT1-_upuparrows,13
amssymb-OT1-_mathfrak{E},13
amssymb-OT1-_mathfrak{L},13
amssymb-OT1-_mathfrak{k},13
mathrsfs-OT1-_mathscr{Z},13
tipa-OT1-_texthtb,12
tipa-OT1-_texthtg,12
tipa-OT1-_textbeltl,12
tipa-OT1-_texthtp,12
tipa-OT1-_textlengthmark,12
tipa-OT1-_texttslig,12
tipa-OT1-_textturna,12
tipa-OT1-_textctz,12
tipa-OT1-_textrhookrevepsilon,12
textcomp-OT1-_textcircledP,12
textcomp-OT1-_textinterrobangdown,12
amssymb-OT1-_mathfrak{H},12
amssymb-OT1-_mathfrak{Y},12
amssymb-OT1-_mathfrak{i},12
amssymb-OT1-_mathfrak{x},12
amssymb-OT1-_mathfrak{y},12
dsfont-OT1-_mathds{L},12
tipa-OT1-_textbaru,11
tipa-OT1-_texthvlig,11
tipa-OT1-_textcrb,11
tipa-OT1-_textpalhook,11
textcomp-OT1-_textguarani,11
amssymb-OT1-_curlyeqprec,11
amssymb-OT1-_nsubseteqq,11
amssymb-OT1-_gnapprox,11
amssymb-OT1-_llcorner,11
stmaryrd-OT1-_leftrightarrowtriangle,11
stmaryrd-OT1-_lbag,11
amssymb-OT1-_beth,11
amssymb-OT1-_daleth,11
amssymb-OT1-_gimel,11
amssymb-OT1-_mathfrak{h},11
wasysym-OT1-_conjunction,11
stix2-OT1-_leftouterjoin,11
stix2-OT1-_rightouterjoin,11
stix2-OT1-_fullouterjoin,11
tipa-OT1-_texthtc,10
tipa-OT1-_texthth,10
tipa-OT1-_textbarrevglotstop,10
tipa-OT1-_texthtq,10
tipa-OT1-_textturnk,10
amssymb-OT1-_lesseqqgtr,10
amssymb-OT1-_gtreqqless,10
amssymb-OT1-_ngeqslant,10
amssymb-OT1-_ntriangleleft,10
stmaryrd-OT1-_leftarrowtriangle,10
textcomp-OT1-_textrquill,10
amssymb-OT1-_mathfrak{W},10
amssymb-OT1-_mathfrak{b},10
amssymb-OT1-_succnapprox,9
stmaryrd-OT1-_inplus,9
latex2e-OT1-_leftharpoondown,9
amssymb-OT1-_Lsh,9
stmaryrd-OT1-_ssearrow,9
dsfont-OT1-_mathds{Y},9
wasysym-OT1-_neptune,9
tipa-OT1-_textturnt,8
amssymb-OT1-_ntriangleright,8
tipa-OT1-_textwynn,7
textcomp-OT1-_textpeso,7
amssymb-OT1-_nVDash,7
amssymb-OT1-_supsetneqq,7
tipa-OT1-_textrtailr,6
amssymb-OT1-_ntrianglelefteq,6
dsfont-OT1-_mathds{J},6
tipa-OT1-_textlhtlongi,5
