latex2e-_int,3938
latex2e-_sum,3882
latex2e-_alpha,2546
latex2e-_equiv,2452
latex2e-_partial,2443
dsfont-_mathds{R},2289
latex2e-_approx,2199
latex2e-_infty,2160
latex2e-_sim,2106
latex2e-_xi,1898
amssymb-_square,1893
latex2e-_Rightarrow,1859
latex2e-_Sigma,1742
latex2e-_subseteq,1722
amssymb-_neq,1658
latex2e-_times,1642
latex2e-_wedge,1607
latex2e-_varphi,1579
latex2e-_pi,1573
latex2e-_forall,1558
latex2e-_pm,1546
latex2e-_exists,1469
latex2e-_propto,1467
latex2e-_cong,1450
latex2e-_in,1441
latex2e-_Leftrightarrow,1335
latex2e-_&,1332
latex2e-_notin,1305
latex2e-_nabla,1261
latex2e-_oplus,1254
marvosym-_Smiley,1252
marvosym-_MVAt,1239
latex2e-_oint,1233
latex2e-_#,1210
latex2e-_sigma,1204
latex2e-_cap,1199
latex2e-_{,1152
latex2e-_rightarrow,1125
latex2e-_gamma,1119
latex2e-_vdash,1101
amssymb-_leq,1090
latex2e-_perp,1075
latex2e-_simeq,1054
latex2e-_beta,1048
amssymb-_ll,1040
latex2e-_prod,1040
dsfont-_mathds{Z},1038
latex2e-_sqrt{},1020
dsfont-_mathds{N},1010
latex2e-_mu,1009
latex2e-_circ,1008
wasysym-_smiley,995
latex2e-_lambda,993
bbold-_mathbb{1},992
latex2e-_otimes,971
latex2e-_emptyset,962
latex2e-_cup,960
latex2e-_chi,958
amssymb-_checkmark,956
latex2e-_ell,956
latex2e-_heartsuit,940
latex2e-_Delta,934
amssymb-_geq,930
latex2e-_delta,918
latex2e-_mapsto,898
amssymb-_lesssim,895
latex2e-_langle,872
mathrsfs-_mathscr{L},871
latex2e-[,870
amssymb-_therefore,833
latex2e-_neg,821
amssymb-_mathcal{L},818
latex2e-_vee,809
latex2e-_%,795
latex2e-_Omega,795
latex2e-_Pi,776
latex2e-_subset,774
latex2e-_zeta,763
amssymb-_gg,753
latex2e-_rho,748
gensymb-_degree,741
amssymb-_gtrsim,738
latex2e-_hookrightarrow,736
latex2e-_varepsilon,719
latex2e-_textless,706
latex2e-_bot,700
latex2e-_eta,693
latex2e-_textgreater,688
amssymb-_mathcal{O},665
latex2e-_phi,639
marvosym-_Heart,637
latex2e-_omega,603
latex2e-!`,601
amssymb-_bigstar,586
latex2e-_psi,575
latex2e-_aleph,573
latex2e-_leftrightarrow,552
stmaryrd-_llbracket,542
latex2e-_Gamma,537
upgreek-_uppi,526
amssymb-_blacksquare,520
latex2e-_setminus,518
upgreek-_upalpha,516
latex2e-/,509
amssymb-_triangleq,507
latex2e-_Phi,507
latexsym-_leadsto,503
upgreek-_upvarphi,503
amssymb-_varnothing,501
marvosym-_Bat,484
latex2e-_textbraceleft,480
latex2e-|,465
latex2e-_ni,464
latex2e-_lfloor,462
latex2e-_bigcup,457
tipa-_textesh,456
latex2e-_not_equiv,453
latex2e-_AA,449
latex2e-_bigoplus,440
latex2e-_prec,435
latex2e-_Psi,434
textcomp-_textpm,422
amssymb-_nmid,417
amssymb-_leqslant,412
amssymb-_mathcal{P},409
amssymb-_vDash,409
latex2e-_textasciicircum,409
textcomp-_texttimes,408
latex2e-_textasciitilde,406
marvosym-_EUR,403
latex2e-_cdot,402
latex2e-_Lambda,395
latex2e-_odot,393
latex2e-_ddots,390
latex2e-_lceil,388
dsfont-_mathds{C},387
latex2e-_supseteq,387
latex2e-_nu,382
latex2e-_wp,382
textcomp-_textdegree,382
latex2e-_tau,380
latex2e-_top,379
latex2e-_Xi,375
amssymb-_twoheadrightarrow,370
latex2e-_vdots,369
latex2e-_mid,366
upgreek-_upxi,362
latex2e-_supset,358
amssymb-_mathcal{N},354
amssymb-_mathcal{F},346
latex2e-_models,344
latex2e-_|,341
stmaryrd-_lightning,341
tipa-_textepsilon,341
amssymb-_geqslant,338
amssymb-_mathcal{A},335
amssymb-_nexists,327
dsfont-_mathds{1},326
latex2e-_vartheta,325
latex2e-_theta,323
latex2e-_succ,309
textcomp-_textdollaroldstyle,309
latex2e-_triangle,308
latex2e-_$,303
latex2e-_o,297
latex2e-_textregistered,296
stmaryrd-_shortrightarrow,295
amssymb-_subsetneq,294
latex2e-_S,292
latex2e-_Longrightarrow,289
tipa-_textsca,286
upgreek-_upmu,285
latex2e-_parallel,284
latex2e-_ast,283
latex2e-_ae,282
latex2e-_bigcap,282
gensymb-_celsius,281
amssymb-_rtimes,276
tipa-_textlambda,275
wasysym-_checked,275
latex2e-_sqsubseteq,274
marvosym-_Frowny,272
latex2e-_dag,269
latex2e-_backslash,268
gensymb-_ohm,261
latex2e-_bowtie,261
latex2e-_textvisiblespace,260
latex2e-_bigwedge,259
upgreek-_uptau,258
latex2e-_hbar,256
latex2e-_preceq,254
textcomp-_texttwosuperior,254
latex2e-_epsilon,250
latex2e-_sqcup,248
amssymb-_mathcal{E},247
esint-_fint,247
latex2e-_clubsuit,247
amssymb-_mathcal{M},246
amssymb-_mathfrak{S},246
wasysym-_frownie,245
latex2e-_bigotimes,244
latex2e-_copyright,244
latex2e-_div,243
latex2e-_longrightarrow,243
latex2e-_rightharpoonup,240
upgreek-_upvarepsilon,240
amssymb-_mathcal{H},238
latex2e-_aa,238
wasysym-_astrosun,238
latex2e-_Theta,237
upgreek-_uplambda,236
wasysym-_Bowtie,235
esint-_oiint,234
latex2e-_},234
latex2e-_textquestiondown,232
textcomp-_textonehalf,231
latex2e-_ss,229
mathrsfs-_mathscr{C},229
latex2e-_spadesuit,226
wasysym-_lightning,226
latex2e-_star,225
upgreek-_upphi,222
amssymb-_rightsquigarrow,220
marvosym-_Yinyang,219
latex2e-_nearrow,218
latex2e-_diamond,216
tipa-_textomega,216
latex2e-_bigcirc,213
latex2e-_uparrow,212
upgreek-_Upsigma,211
amssymb-_hbar,209
mathrsfs-_mathscr{A},209
latex2e-_textsection,208
dsfont-_mathds{Q},207
mathrsfs-_mathscr{S},207
textcomp-_textsurd,206
amssymb-_mathcal{D},205
upgreek-_Uppi,205
upgreek-_upbeta,205
latex2e-_textordfeminine,204
marvosym-_Lightning,203
textcomp-_texttildelow,202
amsmath-_dotsb,201
latex2e-_Longleftrightarrow,201
marvosym-_Letter,201
tipa-_textchi,201
amssymb-_nsubseteq,200
stmaryrd-_rrbracket,200
upgreek-_Uppsi,199
tipa-_textbeta,198
latex2e-_O,196
latex2e-_downarrow,194
latex2e-_prime,194
upgreek-_updelta,194
amssymb-_mathcal{S},192
mathdots-_iddots,192
amssymb-_mathcal{C},191
latex2e-_coprod,191
latex2e-_rangle,191
amssymb-_nrightarrow,189
latex2e-_sharp,189
textcomp-_textestimated,188
wasysym-_diameter,188
latex2e-_textbackslash,187
latex2e-_textquotedblleft,187
amssymb-_ltimes,186
amssymb-_trianglelefteq,186
latex2e-_kappa,185
amssymb-_triangledown,184
latex2e-_bullet,183
dsfont-_mathds{P},182
upgreek-_Upomega,181
upgreek-_upvarsigma,181
amssymb-_mathcal{T},180
latex2e-_varrho,180
tipa-_textscripta,180
latex2e-_Downarrow,179
mathrsfs-_mathscr{H},179
amssymb-_mathcal{Z},177
textcomp-_textinterrobang,177
amssymb-_mathfrak{A},176
amssymb-_curvearrowright,175
upgreek-_upgamma,175
latex2e-],174
latex2e-_dagger,174
wasysym-_ocircle,174
upgreek-_upchi,173
latex2e-__,172
amssymb-_backsim,170
latex2e-_uplus,170
latex2e-_bigvee,169
amssymb-_mathcal{B},168
cmll-_with,168
mathrsfs-_mathscr{D},168
amssymb-_lozenge,166
dsfont-_mathds{E},166
latex2e-_sqcap,166
latex2e-_longmapsto,165
amssymb-_rightrightarrows,163
marvosym-_Ankh,162
marvosym-_Telefon,162
upgreek-_Upphi,162
amssymb-_boxtimes,161
latex2e-_succeq,160
textcomp-_textmusicalnote,160
amssymb-_mathcal{R},157
upgreek-_upsigma,156
amssymb-_because,155
latex2e-_asymp,155
wasysym-_sun,155
latex2e-_searrow,154
amssymb-_thicksim,153
latex2e-_triangleright,153
latex2e-_bigsqcup,152
latex2e-_textasteriskcentered,151
marvosym-_Cross,151
textcomp-_textrightarrow,151
latex2e-_varpi,150
marvosym-_EURdig,149
wasysym-_fullmoon,148
latex2e-_amalg,146
latex2e-_doteq,146
textcomp-_textlbrackdbl,146
amssymb-_Vdash,145
latex2e-_Upsilon,145
textcomp-_textasteriskcentered,145
esint-_iint,144
esint-_varoiint,143
latex2e-_textbullet,143
amssymb-_varpropto,142
textcomp-_textlangle,142
wasysym-_venus,142
amssymb-_circlearrowleft,141
mathrsfs-_mathscr{F},141
amssymb-_upharpoonright,139
latex2e-_triangleleft,139
latex2e-_textbar,138
latex2e-_leftarrow,137
latex2e-_mathsection,137
textcomp-_textsection,136
amssymb-_angle,134
latex2e-_dh,134
latex2e-_flat,134
tipa-_texttheta,134
amssymb-_mathcal{U},133
amssymb-_rightleftarrows,133
upgreek-_Updelta,133
amssymb-_mathcal{X},132
textcomp-_textregistered,132
wasysym-_female,132
upgreek-_Uptheta,131
amssymb-_circledast,130
latex2e-_texttrademark,130
latex2e-_dashv,129
latex2e-_guillemotleft,128
amssymb-_rightleftharpoons,126
latex2e-_Re,126
amssymb-_mathfrak{X},125
amssymb-_nvDash,125
latex2e-_mp,125
latex2e-_textcopyright,125
upgreek-_upzeta,125
tipa-_textphi,124
latex2e-_Im,123
stmaryrd-_mapsfrom,123
wasysym-_mars,121
amssymb-_thickapprox,120
amssymb-_mathcal{G},119
upgreek-_Upgamma,119
latex2e-_diamondsuit,118
amssymb-_gtrless,116
latex2e-_Leftarrow,116
amsmath-_iint,115
latex2e-_---,115
mathrsfs-_mathscr{E},115
wasysym-_blacksmiley,115
latex2e-_bigodot,114
textcomp-_textopenbullet,114
latex2e-_textdagger,113
amssymb-_nRightarrow,112
amssymb-_varsubsetneq,112
latex2e-_bigtriangleup,112
latex2e-_pounds,112
marvosym-_Denarius,112
tipa-_textgamma,112
wasysym-_leftmoon,112
amssymb-_vartriangle,111
mathrsfs-_mathscr{P},111
marvosym-_Mundus,110
textcomp-_textcopyright,110
wasysym-_permil,110
amssymb-_boxplus,109
amssymb-_circlearrowright,109
amssymb-_circledR,109
amsmath-_iiint,107
latex2e-_L,107
latex2e-_iota,107
latex2e-_ominus,107
latex2e-_varsigma,107
amssymb-_mathcal{V},106
amssymb-_varkappa,106
latex2e-_AE,105
latex2e-_rfloor,105
latex2e-_rightleftharpoons,105
tipa-_textyogh,105
latex2e-_textquotedbl,104
marvosym-_Shilling,103
latex2e-_----,102
wasysym-_phone,102
textcomp-_textcent,101
tipa-_textdoublebarslash,101
textcomp-_textbigcircle,100
textcomp-_textperthousand,100
amssymb-_sphericalangle,99
marvosym-_CircledA,99
latex2e-_wr,98
textcomp-_textyen,98
tipa-_textschwa,97
latex2e-_angle,96
upgreek-_uptheta,96
amssymb-_dashrightarrow,95
amssymb-_blacktriangle,94
amssymb-_measuredangle,94
latex2e-_dj,94
upgreek-_upnu,94
amssymb-_mathfrak{M},93
amssymb-_nless,93
latex2e-_--,93
wasysym-_cancer,93
amssymb-_multimap,92
textcomp-_textlnot,92
amssymb-_succcurlyeq,91
marvosym-_EURtm,91
textcomp-_textreferencemark,90
latex2e-_surd,89
latex2e-_frown,88
latex2e-_textdollar,88
latex2e-_textendash,88
stmaryrd-_rbag,88
textcomp-_textdiv,88
amssymb-_diagup,87
amssymb-_mathcal{I},87
amssymb-_ngtr,87
latex2e-_cdots,87
latex2e-_imath,87
latex2e-_bigtriangledown,86
latex2e-_rceil,86
marvosym-_Mobilefone,86
tipa-_texthtbardotlessj,86
upgreek-_uppsi,86
amssymb-_subsetneqq,85
latex2e-_textquotedblright,85
marvosym-_Ecommerce,85
tipa-_textscomega,85
mathrsfs-_mathscr{M},84
tipa-_textopencorner,84
upgreek-_upeta,84
wasysym-_jupiter,84
wasysym-_lhd,84
wasysym-_rhd,84
amssymb-_blacktriangleright,83
amssymb-_pitchfork,83
latex2e-_guillemotright,83
latex2e-_textbraceright,83
latex2e-_upsilon,83
textcomp-_textlira,83
wasysym-_unlhd,83
amssymb-_ncong,82
latex2e-_not_approx,82
latex2e-_textunderscore,81
mathrsfs-_mathscr{B},81
amssymb-_between,80
amssymb-_circledcirc,80
textcomp-_textdiscount,80
tipa-_textramshorns,79
wasysym-_bell,79
amssymb-_mathfrak{R},78
amssymb-_smallsetminus,78
latex2e-_cdotp,78
textcomp-_textdblhyphen,78
textcomp-_textonesuperior,78
tipa-_textscr,78
upgreek-_upomega,78
upgreek-_uprho,78
wasysym-_clock,78
amssymb-_preccurlyeq,77
marvosym-_EURcr,77
textcomp-_textquotestraightdblbase,77
upgreek-_upepsilon,77
amssymb-_nshortmid,76
mathrsfs-_mathscr{I},76
mathrsfs-_mathscr{R},76
amssymb-_mathcal{Q},75
esint-_ointctrclockwise,75
wasysym-_scorpio,75
amssymb-_mathcal{K},74
amssymb-_sqsubset,74
latex2e-_l,74
marvosym-_MVRightarrow,74
tipa-_textpipe,74
tipa-_textrevepsilon,74
amssymb-_boxdot,73
amssymb-_vartriangleright,72
cmll-_parr,72
latex2e-_longleftrightarrow,72
latex2e-_textemdash,72
textcomp-_textdollar,72
amssymb-_circleddash,70
amssymb-_mathcal{J},70
dsfont-_mathds{B},70
dsfont-_mathds{F},70
latex2e-_natural,70
esint-_iiint,69
textcomp-_textnumero,69
wasysym-_male,69
amssymb-_rightarrowtail,68
latex2e-_colon,68
latex2e-_ng,68
stmaryrd-_llparenthesis,68
upgreek-_upvartheta,68
dsfont-_mathds{I},67
tipa-_textrtailn,67
amssymb-_diagdown,66
latex2e-_biguplus,66
latex2e-_dots,66
latex2e-_smile,66
latex2e-_th,66
textcomp-_textdagger,66
amssymb-_mathcal{W},65
wasysym-_pointer,65
amssymb-_nleq,64
amssymb-_vartriangleleft,64
marvosym-_Aquarius,64
mathrsfs-_mathscr{N},64
tipa-_textscb,64
amssymb-_Subset,63
amssymb-_mho,63
latex2e-_mathunderscore,63
upgreek-_Upxi,63
wasysym-_ascnode,63
amssymb-_leqq,62
latex2e-_textsterling,62
textcomp-_textquotesingle,62
amssymb-_mathfrak{F},61
marvosym-_Celtcross,61
amssymb-_approxeq,60
amssymb-_hslash,60
latex2e-_ldots,60
latex2e-_mathdollar,60
tipa-_textctyogh,60
tipa-_textrptr,60
tipa-_textscg,60
amssymb-_curlywedge,59
amssymb-_leftrightsquigarrow,59
amssymb-_nsim,59
textcomp-_textcopyleft,59
tipa-_textcorner,59
tipa-_textcrh,59
amsmath-_dotsc,58
amssymb-_backsimeq,58
wasysym-_cent,58
latex2e-_ddagger,57
textcomp-_textfractionsolidus,57
textcomp-_textsterling,57
tipa-_textlptr,57
upgreek-_upkappa,57
wasysym-_mercury,57
amssymb-_veebar,56
amssymb-_Game,55
amssymb-_complement,55
dsfont-_mathds{A},55
mathrsfs-_mathscr{X},55
stmaryrd-_rightarrowtriangle,55
tipa-_textscl,55
upgreek-_upvarrho,55
wasysym-_aquarius,55
wasysym-_earth,55
marvosym-_Cancer,54
wasysym-_aries,54
wasysym-_rightmoon,54
latex2e-_Updownarrow,53
latex2e-_ddag,53
latex2e-_quotedblbase,53
marvosym-_Mars,53
tipa-_textcrlambda,53
tipa-_textsch,53
wasysym-_newmoon,53
amssymb-_lessgtr,52
latex2e-_hookleftarrow,52
latex2e-_oe,52
marvosym-_EyesDollar,52
amssymb-_barwedge,51
esint-_varointctrclockwise,51
latex2e-_TH,51
tipa-_textsce,51
amssymb-_succsim,50
marvosym-_Capricorn,50
tipa-_textdoublebarpipe,50
tipa-_textscn,50
amssymb-_centerdot,49
amssymb-_upharpoonleft,49
latex2e-_P,49
marvosym-_Email,49
upgreek-_Uplambda,49
wasysym-_leo,49
amssymb-_blacklozenge,48
amssymb-_bumpeq,48
amssymb-_lneq,48
amssymb-_mathfrak{P},48
latex2e-_textexclamdown,48
tipa-_textg,48
amssymb-_Bumpeq,47
amssymb-_precsim,47
latex2e-_Uparrow,47
marvosym-_Jupiter,47
marvosym-_Libra,47
wasysym-_pisces,47
amssymb-_intercal,46
amssymb-_nLeftrightarrow,46
amssymb-_supsetneq,46
esint-_dotsint,46
marvosym-_Scorpio,46
textcomp-_textordmasculine,46
amssymb-_ggg,45
marvosym-_Sun,45
stmaryrd-_Lbag,45
tipa-_textsci,45
amssymb-_Rrightarrow,44
amssymb-_digamma,44
amssymb-_doteqdot,44
amssymb-_shortmid,44
amssymb-_smallsmile,44
mathrsfs-_mathscr{V},44
stmaryrd-_shortuparrow,44
wasysym-_invdiameter,44
wasysym-_libra,44
wasysym-_taurus,44
amssymb-_Bbbk,43
amssymb-_lvertneqq,43
marvosym-_Aries,43
marvosym-_EURhv,43
tipa-_textceltpal,43
wasysym-_unrhd,43
amssymb-_nvdash,42
dsfont-_mathds{D},42
dsfont-_mathds{K},42
textcomp-_textflorin,42
textcomp-_textminus,42
amssymb-_leftrightharpoons,41
amssymb-_looparrowright,41
amssymb-_shortparallel,41
amssymb-_smallfrown,41
amssymb-_sqsupset,41
latex2e-_DH,41
latex2e-_ldotp,41
latex2e-_oslash,41
latex2e-_textquoteright,41
textcomp-_textdownarrow,41
tipa-_textscriptg,41
amssymb-_circeq,40
amssymb-_geqq,40
latex2e-_quotesinglbase,40
latex2e-_textquoteleft,40
latex2e-_updownarrow,40
textcomp-_textrangle,40
amssymb-_blacktriangledown,39
amssymb-_curvearrowleft,39
latex2e-_nwarrow,39
textcomp-_textordfeminine,39
tipa-_textglotstop,39
tipa-_textupsilon,39
amssymb-_boxminus,38
amssymb-_dotplus,38
dsfont-_mathds{O},38
latex2e-_mathsterling,38
latex2e-_swarrow,38
textcomp-_textcurrency,38
textcomp-_texttrademark,38
textcomp-_textuparrow,38
wasysym-_virgo,38
amssymb-_backepsilon,37
amssymb-_lessdot,37
amssymb-_mathcal{Y},37
amssymb-_ngeq,37
latex2e-_not_simeq,37
textcomp-_textrbrackdbl,37
textcomp-_textthreesuperior,37
tipa-_textopeno,37
tipa-_textvertline,37
upgreek-_Upupsilon,37
amssymb-_Cap,36
amssymb-_backprime,36
amssymb-_curlyvee,36
amssymb-_mathfrak{J},36
amssymb-_ngeqq,36
amssymb-_nparallel,36
latex2e-_DJ,36
latex2e-_Longleftarrow,36
latex2e-_jmath,36
latex2e-_sqsupseteq,36
marvosym-_Venus,36
stmaryrd-_longmapsfrom,36
stmaryrd-_shortdownarrow,36
textcomp-_textcentoldstyle,36
textcomp-_textrecipe,36
textcomp-_textthreequarters,36
tipa-_textscj,36
wasysym-_currency,36
amsmath-_dotsm,35
amssymb-_Finv,35
amssymb-_eqcirc,35
amssymb-_mathfrak{N},35
esint-_sqint,35
mathrsfs-_mathscr{O},35
tipa-_texthtt,35
tipa-_textturnv,35
wasysym-_kreuz,35
amssymb-_gtrapprox,34
amssymb-_mathfrak{r},34
dsfont-_mathds{H},34
marvosym-_Gemini,34
mathrsfs-_mathscr{G},34
stmaryrd-_Rbag,34
textcomp-_textonequarter,34
amsmath-_dotso,33
latex2e-_leftharpoonup,33
marvosym-_Leo,33
textcomp-_textdblhyphenchar,33
upgreek-_upupsilon,33
amssymb-_lnsim,32
amssymb-_mathfrak{B},32
latex2e-_mathellipsis,32
latex2e-_textperiodcentered,32
marvosym-_Emailct,32
marvosym-_Saturn,32
mathrsfs-_mathscr{J},32
stmaryrd-_shortleftarrow,32
tipa-_textraiseglotstop,32
tipa-_textrevapostrophe,32
amsmath-_iiiint,31
amssymb-_Cup,31
amssymb-_circledS,31
amssymb-_divideontimes,31
amssymb-_gtreqless,31
amssymb-_leftthreetimes,31
dsfont-_mathds{M},31
latex2e-_guilsinglright,31
latex2e-_rightharpoondown,31
marvosym-_Mercury,31
stmaryrd-_leftrightarroweq,31
tipa-_textltailn,31
tipa-_textrtailt,31
tipa-_textturny,31
amssymb-_Rsh,30
amssymb-_mathfrak{Z},30
amssymb-_mathfrak{m},30
amssymb-_mathfrak{p},30
amssymb-_mathfrak{u},30
amssymb-_nleftrightarrow,30
latex2e-_guilsinglleft,30
marvosym-_Neptune,30
stmaryrd-_niplus,30
stmaryrd-_nnwarrow,30
tipa-_textbaro,30
tipa-_textturnh,30
wasysym-_ataribox,30
amssymb-_eth,29
amssymb-_mathfrak{V},29
amssymb-_nsucceq,29
dsfont-_mathds{G},29
latex2e-_OE,29
latex2e-_not_sim,29
marvosym-_Earth,29
marvosym-_Moon,29
textcomp-_textbardbl,29
textcomp-_textrquill,29
textcomp-_textservicemark,29
tipa-_textbabygamma,29
tipa-_textdownstep,29
tipa-_textglobrise,29
tipa-_textrhoticity,29
tipa-_textrtails,29
tipa-_textsoftsign,29
tipa-_texttctclig,29
tipa-_textteshlig,29
tipa-_textturnw,29
wasysym-_gemini,29
amssymb-_lnapprox,28
amssymb-_mathfrak{U},28
amssymb-_mathfrak{d},28
amssymb-_mathfrak{z},28
amssymb-_nshortparallel,28
amssymb-_nsupseteqq,28
dsfont-_mathds{T},28
stix-_typecolon,28
tipa-_textinvglotstop,28
amssymb-_gtreqqless,27
amssymb-_looparrowleft,27
amssymb-_maltese,27
amssymb-_nleqq,27
amssymb-_nsupseteq,27
latex2e-_textellipsis,27
mathrsfs-_mathscr{K},27
mathrsfs-_mathscr{T},27
stix-_subedot,27
stmaryrd-_llceil,27
textcomp-_textbrokenbar,27
textcomp-_textperiodcentered,27
textcomp-_textpertenthousand,27
tipa-_textbarb,27
wasysym-_opposition,27
wasysym-_pluto,27
wasysym-_wasylozenge,27
amsmath-_dotsi,26
amssymb-_mathfrak{D},26
amssymb-_mathfrak{Q},26
amssymb-_mathfrak{v},26
amssymb-_mathfrak{y},26
dsfont-_mathds{S},26
esint-_iiiint,26
esint-_landdownint,26
mathrsfs-_mathscr{Q},26
mathrsfs-_mathscr{U},26
stix-_supedot,26
stix-_tieinfty,26
stmaryrd-_Mapsto,26
textcomp-_texteuro,26
textcomp-_textleftarrow,26
tipa-_textObardotlessj,26
tipa-_textbarc,26
tipa-_textctn,26
tipa-_textthorn,26
tipa-_textupstep,26
wasysym-_brokenvert,26
wasysym-_recorder,26
wasysym-_saturn,26
amsmath-_idotsint,25
amssymb-_downdownarrows,25
amssymb-_lessapprox,25
amssymb-_mathfrak{G},25
amssymb-_precnsim,25
dsfont-_mathds{k},25
esint-_landupint,25
marvosym-_Faxmachine,25
marvosym-_Pfund,25
stix-_subsup,25
textcomp-_textpilcrow,25
tipa-_textOlyoghlig,25
tipa-_texthtscg,25
tipa-_textlhookt,25
tipa-_textltailm,25
tipa-_textrevyogh,25
tipa-_textrhookschwa,25
tipa-_textturnscripta,25
upgreek-_upvarpi,25
wasysym-_capricornus,25
amssymb-_curlyeqsucc,24
amssymb-_leftarrowtail,24
amssymb-_lll,24
amssymb-_lneqq,24
amssymb-_mathfrak{j},24
amssymb-_rightthreetimes,24
amssymb-_succnsim,24
esint-_varointclockwise,24
marvosym-_Uranus,24
stix-_iinfin,24
stix-_ruledelayed,24
stix-_simless,24
stix-_wedgeodot,24
stmaryrd-_llfloor,24
stmaryrd-_rrceil,24
textcomp-_textnaira,24
tipa-_textbarl,24
tipa-_textcrd,24
tipa-_textctd,24
tipa-_textctesh,24
tipa-_textctj,24
tipa-_textctt,24
tipa-_texthtrtaild,24
tipa-_textscy,24
wasysym-_descnode,24
wasysym-_sagittarius,24
amssymb-_eqslantgtr,23
amssymb-_mathfrak{T},23
amssymb-_mathfrak{W},23
amssymb-_mathfrak{c},23
amssymb-_mathfrak{n},23
amssymb-_mathfrak{q},23
amssymb-_supseteqq,23
dsfont-_mathds{V},23
esint-_ointclockwise,23
latex2e-_NG,23
marvosym-_FAX,23
marvosym-_Pluto,23
mathrsfs-_mathscr{W},23
stix-_simgtr,23
stmaryrd-_inplus,23
textcomp-_textblank,23
tipa-_textcloseepsilon,23
tipa-_textcrtwo,23
tipa-_textlyoghlig,23
tipa-_textrhookrevepsilon,23
tipa-_textturna,23
tipa-_textturnmrleg,23
amssymb-_doublebarwedge,22
amssymb-_leftrightarrows,22
amssymb-_mathfrak{K},22
amssymb-_mathfrak{g},22
amssymb-_nLeftarrow,22
amssymb-_nleftarrow,22
amssymb-_nsucc,22
amssymb-_subseteqq,22
amssymb-_twoheadleftarrow,22
dsfont-_mathds{U},22
latex2e-_SS,22
marvosym-_Virgo,22
mathrsfs-_mathscr{Z},22
stix-_ddotseq,22
stix-_forksnot,22
tipa-_textbard,22
tipa-_textcrinvglotstop,22
tipa-_texthardsign,22
tipa-_texthooktop,22
tipa-_textltilde,22
tipa-_textrtaill,22
txfonts-_Eqqcolon,22
upgreek-_upiota,22
wasysym-_vernal,22
amssymb-_fallingdotseq,21
amssymb-_gneqq,21
amssymb-_gnsim,21
amssymb-_lrcorner,21
textcomp-_textbaht,21
textcomp-_textinterrobangdown,21
tipa-_textbardotlessj,21
tipa-_textbari,21
tipa-_textbeltl,21
tipa-_textcrg,21
tipa-_textctdctzlig,21
tipa-_texthtg,21
tipa-_texthvlig,21
tipa-_textrtailz,21
tipa-_textturncelig,21
wasysym-_RIGHTarrow,21
amssymb-_Lsh,20
amssymb-_mathfrak{f},20
amssymb-_nleqslant,20
amssymb-_npreceq,20
amssymb-_succnapprox,20
amssymb-_varsupsetneq,20
marvosym-_Taurus,20
stix-_nvinfty,20
stix-_suplarr,20
stix-_supsub,20
stmaryrd-_rrparenthesis,20
textcomp-_textdaggerdbl,20
textcomp-_textpeso,20
textcomp-_textthreequartersemdash,20
textcomp-_texttwelveudash,20
tipa-_textdctzlig,20
tipa-_textdoublepipe,20
tipa-_textdyoghlig,20
tipa-_texthtd,20
tipa-_texthtp,20
tipa-_textstretchc,20
txfonts-_dashleftrightarrow,20
txfonts-_oiintctrclockwise,20
wasysym-_DOWNarrow,20
amssymb-_Vvdash,19
amssymb-_blacktriangleleft,19
amssymb-_lesseqgtr,19
amssymb-_mathfrak{C},19
amssymb-_mathfrak{i},19
amssymb-_mathfrak{s},19
amssymb-_mathfrak{t},19
amssymb-_ngeqslant,19
amssymb-_ulcorner,19
amssymb-_varsubsetneqq,19
latex2e-_longleftarrow,19
latex2e-_textparagraph,19
logix-_TurnDWavy,19
marvosym-_Pickup,19
marvosym-_Pisces,19
marvosym-_fax,19
stix-_subrarr,19
stmaryrd-_Mapsfrom,19
stmaryrd-_lbag,19
textcomp-_textbullet,19
textcomp-_textcircledP,19
tipa-_textbarglotstop,19
tipa-_texthalflength,19
tipa-_texthtb,19
tipa-_texththeng,19
tipa-_textlhtlongy,19
tipa-_textrevglotstop,19
tipa-_texttoneletterstem,19
txfonts-_sqiiint,19
wasysym-_LHD,19
MnSymbol-_gtrneqqless,18
amssymb-_dashleftarrow,18
amssymb-_gtrdot,18
amssymb-_gvertneqq,18
amssymb-_lesseqqgtr,18
amssymb-_mathfrak{E},18
amssymb-_mathfrak{I},18
amssymb-_mathfrak{O},18
amssymb-_mathfrak{a},18
amssymb-_ntrianglerighteq,18
dsfont-_mathds{Y},18
fdsymbol-_simneqq,18
marvosym-_Sagittarius,18
stix-_doubleplus,18
stmaryrd-_Longmapsto,18
stmaryrd-_leftrightarrowtriangle,18
stmaryrd-_sswarrow,18
textcomp-_textlquill,18
tipa-_textctc,18
tipa-_textdzlig,18
tipa-_texthtc,18
tipa-_texthtk,18
tipa-_textrtailr,18
tipa-_textrthook,18
tipa-_textturnlonglegr,18
tipa-_textturnm,18
txfonts-_boxright,18
txfonts-_oiintclockwise,18
amssymb-_eqslantless,17
amssymb-_gimel,17
amssymb-_leftleftarrows,17
amssymb-_mathfrak{Y},17
amssymb-_mathfrak{k},17
amssymb-_mathfrak{x},17
amssymb-_ntriangleright,17
amssymb-_supsetneqq,17
amssymb-_upuparrows,17
dsfont-_mathds{L},17
esint-_sqiint,17
mathrsfs-_mathscr{Y},17
stix-_cirfnint,17
stix-_commaminus,17
stix-_eqvparsl,17
stix-_lefttail,17
stix-_rightimply,17
stix2-_leftouterjoin,17
stmaryrd-_moo,17
stmaryrd-_nnearrow,17
textcomp-_textcolonmonetary,17
tipa-_textbarg,17
tipa-_textcloseomega,17
tipa-_textcloserevepsilon,17
tipa-_textcommatailz,17
tipa-_textcttctclig,17
tipa-_textdoublebaresh,17
tipa-_textdoublevertline,17
tipa-_textiota,17
tipa-_textlonglegr,17
tipa-_textreve,17
tipa-_textscriptv,17
tipa-_textturnr,17
txfonts-_VvDash,17
txfonts-_varparallel,17
wasysym-_LEFTarrow,17
wasysym-_UParrow,17
wasysym-_neptune,17
wasysym-_uranus,17
MnSymbol-_bigcurlyveedot,16
amssymb-_Lleftarrow,16
amssymb-_mathfrak{H},16
amssymb-_mathfrak{L},16
amssymb-_mathfrak{e},16
amssymb-_mathfrak{l},16
amssymb-_nVDash,16
amssymb-_risingdotseq,16
latex2e-_textdaggerdbl,16
stix-_equivDD,16
stix-_gggnest,16
stix-_simminussim,16
tipa-_textinvscr,16
tipa-_textraisevibyi,16
tipa-_textwynn,16
MnSymbol-_downslice,15
amssymb-_curlyeqprec,15
amssymb-_mathfrak{o},15
amssymb-_ntrianglelefteq,15
amssymb-_precapprox,15
amssymb-_succapprox,15
amssymb-_varsupsetneqq,15
fdsymbol-_measuredrightangle,15
fdsymbol-_nsucceqq,15
fdsymbol-_nwseharpoonswne,15
logix-_Dnd,15
mathabx-_sqSubset,15
mathabx-_sqsubseteqq,15
stix-_approxeqq,15
stix-_congdot,15
stix-_equivVert,15
stix-_gsiml,15
stix-_gtquest,15
stix-_olcross,15
stix-_righttail,15
stix-_subsetapprox,15
stix-_succneqq,15
stix-_supdsub,15
stmaryrd-_Longmapsfrom,15
stmaryrd-_rrfloor,15
textcomp-_textdong,15
textcomp-_textguarani,15
tipa-_textbaru,15
tipa-_textctz,15
tipa-_textlengthmark,15
tipa-_textprimstress,15
txfonts-_coloneqq,15
txfonts-_strictfi,15
MnSymbol-_lessneqqgtr,14
amssymb-_Supset,14
amssymb-_daleth,14
amssymb-_downharpoonleft,14
amssymb-_downharpoonright,14
amssymb-_mathfrak{b},14
amssymb-_mathfrak{w},14
amssymb-_nprec,14
dsfont-_mathds{W},14
dsfont-_mathds{X},14
dsfont-_mathds{h},14
fdsymbol-_dotcong,14
halloweenmath-_bigpumpkin,14
logix-_DTrpTurn,14
logix-_NotTurnWavy,14
mathabx-_varsqsubsetneqq,14
stix-_cupleftarrow,14
stix-_dotequiv,14
stix-_equivVvert,14
stix-_prurel,14
stix-_simlE,14
stmaryrd-_leftarrowtriangle,14
tipa-_textbarrevglotstop,14
tipa-_textfishhookr,14
tipa-_texthth,14
tipa-_textsecstress,14
tipa-_textturnrrtail,14
tipa-_textvibyy,14
MnSymbol-_lesseqgtrslant,13
amssymb-_gneq,13
amssymb-_precnapprox,13
fdsymbol-_rcirclerightint,13
fdsymbol-_rightanglesquare,13
stix-_Rparenless,13
stix-_capovercup,13
stix-_gleichstark,13
stix-_kernelcontraction,13
stix-_lllnest,13
stix-_parsim,13
stix-_rightanglesqr,13
stix-_wedgedoublebar,13
textcomp-_textparagraph,13
textcomp-_textwon,13
tipa-_textrtaild,13
txfonts-_colonsim,13
MnSymbol-_closedequal,12
MnSymbol-_eqdot,12
MnSymbol-_fivedots,12
MnSymbol-_gtreqlessslant,12
MnSymbol-_ncurvearrownwse,12
MnSymbol-_ngeqdot,12
MnSymbol-_nhateq,12
fdsymbol-_backcong,12
fdsymbol-_backsimneqq,12
fdsymbol-_bigcapplus,12
fdsymbol-_downupharpoons,12
fdsymbol-_landupint,12
fdsymbol-_nnwseharpoonnesw,12
fdsymbol-_osum,12
fdsymbol-_sqcupplus,12
latex2e-_dot*,12
latex2e-_leftharpoondown,12
latex2e-_textordmasculine,12
logix-_CircNgt,12
logix-_SbNd,12
logix-_Seq,12
mathabx-_oleft,12
stix-_Lt,12
stix-_capbarcup,12
stix-_capwedge,12
stix-_cirbot,12
stix-_csube,12
stix-_eqdef,12
stix-_eqqplus,12
stix-_gesdoto,12
stix-_gesdotol,12
stix-_intcup,12
stix-_intlarhkup,12
stix-_leftarrowsubset,12
stix-_lozengeminus,12
stix-_minusfdots,12
stix-_oiiint,12
stix-_oplusrhrim,12
stix-_otimesrhrim,12
stix-_plushat,12
stix-_plustrif,12
stix-_pointintup,12
stix-_rfbowtie,12
stix-_rppolint,12
stix-_simneqq,12
stix-_smt,12
stix-_subsetplus,12
stix-_supsim,12
stix-_uminus,12
stmaryrd-_fatsemi,12
stmaryrd-_ssearrow,12
tipa-_textglobfall,12
tipa-_texttslig,12
txfonts-_Coloneq,12
txfonts-_Diamondright,12
txfonts-_boxleft,12
txfonts-_eqcolon,12
txfonts-_multimapdotbothvert,12
txfonts-_multimapdotinv,12
txfonts-_varoiiintclockwise,12
wasysym-_RHD,12
amssymb-_beth,11
amssymb-_gnapprox,11
amssymb-_llcorner,11
amssymb-_mathfrak{h},11
amssymb-_nsubseteqq,11
amssymb-_trianglerighteq,11
amssymb-_urcorner,11
dsfont-_mathds{J},11
fdsymbol-_nDoteq,11
latex2e-_mathparagraph,11
logix-_DAsterisk,11
logix-_DTurnWavy,11
logix-_TripleQuote,11
mathabx-_llcurly,11
stix-_asteq,11
stix-_closedvarcupsmashprod,11
stix-_dotsim,11
stix-_mlcp,11
stix-_otimeshat,11
stix-_plussubtwo,11
stix-_questeq,11
stix-_rangledownzigzagarrow,11
stix2-_fullouterjoin,11
stix2-_rightouterjoin,11
tipa-_textcrb,11
tipa-_textpalhook,11
tipa-_textvibyi,11
txfonts-_DiamonddotLeft,11
wasysym-_conjunction,11
MnSymbol-_backtriplesim,10
amssymb-_ntriangleleft,10
fdsymbol-_dtimes,10
mathabx-_varsqsubsetneq,10
stix-_eqeqeq,10
stix-_measeq,10
stix-_pluseqq,10
stix-_plussim,10
stix-_pointint,10
stix-_smeparsl,10
stix-_trslash,10
stmaryrd-_talloblong,10
textcomp-_textquotestraightbase,10
tipa-_textbullseye,10
tipa-_texthtq,10
tipa-_textlhtlongi,10
tipa-_textscu,10
tipa-_textturnk,10
txfonts-_DiamonddotRight,10
txfonts-_boxLeft,10
txfonts-_varoiiintctrclockwise,10
MnSymbol-_backapproxeq,9
MnSymbol-_backcong,9
MnSymbol-_bigcapdot,9
MnSymbol-_closedcurlywedge,9
MnSymbol-_curlywedgedot,9
MnSymbol-_equal,9
MnSymbol-_leftModels,9
MnSymbol-_leqslantdot,9
MnSymbol-_nbackcong,9
MnSymbol-_ncurvearrowleftright,9
MnSymbol-_ncurvearrowswne,9
MnSymbol-_nlesseqgtrslant,9
MnSymbol-_nnwModels,9
MnSymbol-_nnwfootline,9
MnSymbol-_nsquigarrownesw,9
MnSymbol-_nsquigarrownwse,9
MnSymbol-_swfree,9
fdsymbol-_Ddashv,9
fdsymbol-_bigwedgedot,9
fdsymbol-_capdot,9
fdsymbol-_cupdot,9
fdsymbol-_ddotdot,9
fdsymbol-_dottimes,9
fdsymbol-_frowneq,9
fdsymbol-_nfrownsmile,9
fdsymbol-_nneswharpoonsenw,9
fdsymbol-_nswneharpoons,9
fdsymbol-_nveeeq,9
fdsymbol-_stareq,9
fdsymbol-_sumint,9
fdsymbol-_udotdot,9
fdsymbol-_utimes,9
latex2e-_widehat=,9
logix-_CircNor,9
logix-_CircOr,9
logix-_DMinus,9
logix-_DTurnDWavy,9
logix-_Dnt,9
mathabx-_downupharpoons,9
mathabx-_ggcurly,9
mathabx-_precnapprox,9
mathabx-_sqsubsetneqq,9
stix-_Bbbsum,9
stix-_Coloneq,9
stix-_DashVDash,9
stix-_Lparengtr,9
stix-_Prec,9
stix-_angles,9
stix-_arceq,9
stix-_bumpeqq,9
stix-_capdot,9
stix-_cirfnintup,9
stix-_closedvarcap,9
stix-_closedvarcup,9
stix-_closure,9
stix-_cupbarcap,9
stix-_disjquant,9
stix-_dsub,9
stix-_elsdot,9
stix-_hatapprox,9
stix-_intBar,9
stix-_intBarup,9
stix-_intx,9
stix-_intxup,9
stix-_isinE,9
stix-_isindot,9
stix-_isinvb,9
stix-_leftdbltail,9
stix-_leftfishtail,9
stix-_lftimes,9
stix-_llangle,9
stix-_lsqhook,9
stix-_ltlarr,9
stix-_ltquest,9
stix-_measangledrtose,9
stix-_measangleurtone,9
stix-_measuredrightangle,9
stix-_odiv,9
stix-_oiiintup,9
stix-_ointctrclockwise,9
stix-_operp,9
stix-_pullback,9
stix-_rightanglemdot,9
stix-_rightarrowsupset,9
stix-_ringplus,9
stix-_rparengtr,9
stix-_rsqhook,9
stix-_scurel,9
stix-_simgE,9
stix-_supsetapprox,9
stix-_twocaps,9
stix-_twocups,9
stix-_veeeq,9
stmaryrd-_Yleft,9
stmaryrd-_curlywedgedownarrow,9
stmaryrd-_curlywedgeuparrow,9
txfonts-_Colonapprox,9
txfonts-_Diamonddotright,9
txfonts-_Eqcolon,9
txfonts-_bigsqcupplus,9
txfonts-_boxdotLeft,9
txfonts-_leftsquigarrow,9
txfonts-_varoiintclockwise,9
fdsymbol-_smileeq,8
logix-_Ddagger,8
mathabx-_dottimes,8
stix-_acidfree,8
stix-_dotsminusdots,8
stix-_dualmap,8
stix-_gtrdot,8
stix-_simrdots,8
stix-_subsub,8
tipa-_textscoelig,8
tipa-_textturnt,8
txfonts-_oiiintclockwise,8
txfonts-_oiiintctrclockwise,8
txfonts-_sqiint,8
txfonts-_strictiff,8
txfonts-_varoiintctrclockwise,8
MnSymbol-_curvearrowleftright,7
MnSymbol-_geqdot,7
MnSymbol-_nsquigarrowswne,7
MnSymbol-_rightfootline,7
MnSymbol-_squigarrowleftright,7
fdsymbol-_nneswharpoonnwse,7
halloweenmath-_pumpkin,7
logix-_CircDivd,7
logix-_CircTimes,7
logix-_Ddaggerr,7
logix-_TurnWavy,7
stix-_eqdot,7
stix-_late,7
stix-_lgE,7
stix-_rbrackurtick,7
txfonts-_multimapdotbothBvert,7
MnSymbol-_bigdoublecurlyvee,6
MnSymbol-_bigobackslash,6
MnSymbol-_bigotriangle,6
MnSymbol-_bigsqcupdot,6
MnSymbol-_bigveedot,6
MnSymbol-_capdot,6
MnSymbol-_closedprec,6
MnSymbol-_ddotdot,6
MnSymbol-_doublevee,6
MnSymbol-_downModels,6
MnSymbol-_geqslantdot,6
MnSymbol-_hcrossing,6
MnSymbol-_hdotdot,6
MnSymbol-_leftfree,6
MnSymbol-_leqdot,6
MnSymbol-_nUpdownline,6
MnSymbol-_napproxeq,6
MnSymbol-_nbackapproxeq,6
MnSymbol-_ncurvearrowdownup,6
MnSymbol-_ncurvearrownesw,6
MnSymbol-_ncurvearrowrightleft,6
MnSymbol-_nefree,6
MnSymbol-_nequivclosed,6
MnSymbol-_neswcrossing,6
MnSymbol-_ngeqslantdot,6
MnSymbol-_ngtreqlessslant,6
MnSymbol-_ngtreqqless,6
MnSymbol-_nlcirclearrowup,6
MnSymbol-_nnefree,6
MnSymbol-_nneswarrows,6
MnSymbol-_nnwfree,6
MnSymbol-_nrcirclearrowright,6
MnSymbol-_nsefootline,6
MnSymbol-_nshortparallel,6
MnSymbol-_nsquigarrowrightleft,6
MnSymbol-_nswModels,6
MnSymbol-_nswarrowtail,6
MnSymbol-_nswfootline,6
MnSymbol-_ntriplesim,6
MnSymbol-_nupfootline,6
MnSymbol-_nupfree,6
MnSymbol-_nwfree,6
MnSymbol-_oslash,6
MnSymbol-_ostar,6
MnSymbol-_rcirclerightint,6
MnSymbol-_sefree,6
MnSymbol-_smallstar,6
MnSymbol-_sqcapdot,6
MnSymbol-_sqcapplus,6
MnSymbol-_sqcupdot,6
MnSymbol-_squaredots,6
MnSymbol-_squigarrowdownup,6
MnSymbol-_squigarrowupdown,6
MnSymbol-_succnapprox,6
MnSymbol-_sumint,6
MnSymbol-_thinstar,6
fdsymbol-_bigsqcapplus,6
fdsymbol-_bigsqcupplus,6
fdsymbol-_coloneq,6
fdsymbol-_crossing,6
fdsymbol-_dotsminusdots,6
fdsymbol-_eqdot,6
fdsymbol-_intBar,6
fdsymbol-_lcirclerightint,6
fdsymbol-_leftrightharpoondownup,6
fdsymbol-_leftrightharpoonupdown,6
fdsymbol-_measuredrightangledot,6
fdsymbol-_nbumpeqq,6
fdsymbol-_ncurlyeqprec,6
fdsymbol-_ncurlyeqsucc,6
fdsymbol-_ndownVDash,6
fdsymbol-_ndownupharpoons,6
fdsymbol-_neswharpoons,6
fdsymbol-_nleftrightharpoonupdown,6
fdsymbol-_nlongrightfootline,6
fdsymbol-_nnwharpoonsw,6
fdsymbol-_nrightfootline,6
fdsymbol-_nsenwharpoons,6
fdsymbol-_nvDdash,6
fdsymbol-_nwedgeq,6
fdsymbol-_plus,6
fdsymbol-_pullback,6
fdsymbol-_pushout,6
fdsymbol-_rightVDash,6
fdsymbol-_rightfootline,6
fdsymbol-_sqcupdot,6
fdsymbol-_succapprox,6
fdsymbol-_succeqq,6
fdsymbol-_varosum,6
fdsymbol-_wedgeq,6
logix-_CircMinus,6
logix-_CircNand,6
logix-_CircNd,6
logix-_CircNt,6
logix-_Dor,6
logix-_NotDTurnDWavy,6
logix-_NotDTurnWavy,6
logix-_SbNand,6
logix-_SbNor,6
logix-_SbOr,6
logix-_TrpTurn,6
mathabx-_VDash,6
mathabx-_barleftharpoon,6
mathabx-_barrightharpoon,6
mathabx-_bigvarstar,6
mathabx-_boxleft,6
mathabx-_boxright,6
mathabx-_circplus,6
mathabx-_convolution,6
mathabx-_corresponds,6
mathabx-_dashVv,6
mathabx-_divdot,6
mathabx-_dotdiv,6
mathabx-_doublecup,6
mathabx-_downtouparrow,6
mathabx-_eqcolon,6
mathabx-_nprecsim,6
mathabx-_nsqSupset,6
mathabx-_nsqsubseteqq,6
mathabx-_nsqsupseteqq,6
mathabx-_odiv,6
mathabx-_oright,6
mathabx-_precneq,6
mathabx-_rightbarharpoon,6
mathabx-_rightleftharpoon,6
mathabx-_rightrightharpoons,6
mathabx-_sqsupsetneq,6
mathabx-_sqsupsetneqq,6
mathabx-_squplus,6
mathabx-_succnapprox,6
mathabx-_succneq,6
mathabx-_uptodownarrow,6
mathabx-_varsqsupsetneq,6
mathabx-_varstar,6
stix-_Doteq,6
stix-_Lvzigzag,6
stix-_Not,6
stix-_Otimes,6
stix-_Rvzigzag,6
stix-_Vee,6
stix-_Vvdash,6
stix-_awintup,6
stix-_bigcupdot,6
stix-_boxbslash,6
stix-_circledequal,6
stix-_concavediamondtickleft,6
stix-_csub,6
stix-_csupe,6
stix-_cupdot,6
stix-_cupovercap,6
stix-_cupvee,6
stix-_dashVdash,6
stix-_doteq,6
stix-_dottimes,6
stix-_doublebarvee,6
stix-_eqeq,6
stix-_eqqsim,6
stix-_eqqslantless,6
stix-_equalparallel,6
stix-_geqqslant,6
stix-_gescc,6
stix-_gesles,6
stix-_glE,6
stix-_gtrarr,6
stix-_gtreqless,6
stix-_imageof,6
stix-_intcap,6
stix-_intcapup,6
stix-_intclockwiseup,6
stix-_interleave,6
stix-_invlazys,6
stix-_isins,6
stix-_lescc,6
stix-_lesdot,6
stix-_lfbowtie,6
stix-_lparenless,6
stix-_lsimg,6
stix-_ltcc,6
stix-_lvzigzag,6
stix-_measangledltosw,6
stix-_measangleldtosw,6
stix-_measanglelutonw,6
stix-_neqslantless,6
stix-_nhVvert,6
stix-_niobar,6
stix-_nis,6
stix-_npolint,6
stix-_opluslhrim,6
stix-_otimeslhrim,6
stix-_plusdot,6
stix-_preceqq,6
stix-_precneq,6
stix-_rangledot,6
stix-_rftimes,6
stix-_rrangle,6
stix-_rsub,6
stix-_rvzigzag,6
stix-_scpolintup,6
stix-_simplus,6
stix-_smashtimes,6
stix-_smte,6
stix-_sqsubsetneq,6
stix-_sqsupsetneq,6
stix-_stareq,6
stix-_submult,6
stix-_subsetdot,6
stix-_subsim,6
stix-_succneq,6
stix-_suphsub,6
stix-_supmult,6
stix-_supsetneqq,6
stix-_supsetplus,6
stix-_supsup,6
stix-_threedangle,6
stix-_triangleplus,6
stix-_tripleplus,6
stix-_upfishtail,6
stix-_vBarv,6
stix-_varniobar,6
stix-_varsubsetneqq,6
stix-_varsupsetneqq,6
stix-_veemidvert,6
stix-_veeodot,6
stix-_veeonvee,6
stix-_wedgemidvert,6
stix-_wedgeonwedge,6
stix-_wedgeq,6
stix-_whitesquaretickleft,6
stix-_whitesquaretickright,6
stix-_wideangledown,6
stix-_wideangleup,6
stmaryrd-_Yright,6
stmaryrd-_Yup,6
stmaryrd-_boxbox,6
stmaryrd-_boxslash,6
stmaryrd-_curlyveedownarrow,6
stmaryrd-_curlyveeuparrow,6
stmaryrd-_fatslash,6
stmaryrd-_interleave,6
stmaryrd-_merge,6
stmaryrd-_nplus,6
stmaryrd-_owedge,6
stmaryrd-_varolessthan,6
stmaryrd-_vartimes,6
txfonts-_Colonsim,6
txfonts-_DiamondLeft,6
txfonts-_DiamondRight,6
txfonts-_bigsqcapplus,6
txfonts-_boxRight,6
txfonts-_boxdotleft,6
txfonts-_boxdotright,6
txfonts-_circleddotright,6
txfonts-_colonapprox,6
txfonts-_coloneq,6
txfonts-_multimapdotboth,6
txfonts-_multimapdotbothA,6
txfonts-_nprecapprox,6
txfonts-_nsuccapprox,6
txfonts-_openJoin,6
txfonts-_preceqq,6
txfonts-_precneqq,6
txfonts-_strictif,6
MnSymbol-_doublecurlyvee,5
MnSymbol-_otriangle,5
MnSymbol-_vcrossing,5
fdsymbol-_nsmileeq,5
mathabx-_boxcoasterisk,5
mathabx-_boxdiv,5
mathabx-_sqsubsetneq,5
stix-_Rbrbrak,5
stix-_approxident,5
stix-_dashcolon,5
stix-_glj,5
stix-_triangleminus,5
MnSymbol-_cupplus,4
MnSymbol-_diamondvert,4
MnSymbol-_dotmedvert,4
MnSymbol-_nDoteq,4
MnSymbol-_nclosedequal,4
MnSymbol-_nequalclosed,4
MnSymbol-_squigarrowsenw,4
MnSymbol-_udotdot,4
fdsymbol-_bigcupdot,4
fdsymbol-_bigcupplus,4
fdsymbol-_minusfdots,4
fdsymbol-_minusrdots,4
stix-_boxdiag,4
stix-_fallingdotseq,4
stix-_lat,4
stix-_minusdot,4
stix-_sphericalangle,4
stix-_supsetcirc,4
stmaryrd-_boxast,4
MnSymbol-_Doteq,3
MnSymbol-_Lleftarrow,3
MnSymbol-_Rrightarrow,3
MnSymbol-_Vvdash,3
MnSymbol-_backslashdiv,3
MnSymbol-_bigcupplus,3
MnSymbol-_bigcurlywedgedot,3
MnSymbol-_bigostar,3
MnSymbol-_bigplus,3
MnSymbol-_bigsqcapplus,3
MnSymbol-_boxbackslash,3
MnSymbol-_boxbox,3
MnSymbol-_capplus,3
MnSymbol-_closedcurlyvee,3
MnSymbol-_closedsucc,3
MnSymbol-_complement,3
MnSymbol-_cupdot,3
MnSymbol-_curlyveedot,3
MnSymbol-_curvearrowdownup,3
MnSymbol-_curvearrownesw,3
MnSymbol-_curvearrowsenw,3
MnSymbol-_curvearrowswne,3
MnSymbol-_curvearrowupdown,3
MnSymbol-_dasheduparrow,3
MnSymbol-_diamonddiamond,3
MnSymbol-_diamonddots,3
MnSymbol-_dotminus,3
MnSymbol-_doublecup,3
MnSymbol-_doublecurlywedge,3
MnSymbol-_doublesqcup,3
MnSymbol-_downfree,3
MnSymbol-_dtimes,3
MnSymbol-_eqslantgtr,3
MnSymbol-_gtreqqless,3
MnSymbol-_hateq,3
MnSymbol-_lefthalfcap,3
MnSymbol-_lessdot,3
MnSymbol-_lesseqgtr,3
MnSymbol-_medvertdot,3
MnSymbol-_minusdot,3
MnSymbol-_nNwarrow,3
MnSymbol-_nNwseline,3
MnSymbol-_nRrightarrow,3
MnSymbol-_nbackapprox,3
MnSymbol-_nbackeqsim,3
MnSymbol-_nbacktriplesim,3
MnSymbol-_ncurlyeqprec,3
MnSymbol-_ncurvearrowsenw,3
MnSymbol-_ncurvearrowupdown,3
MnSymbol-_ndasheddownarrow,3
MnSymbol-_ndashedleftarrow,3
MnSymbol-_ndashednwarrow,3
MnSymbol-_ndownVdash,3
MnSymbol-_ndownarrow,3
MnSymbol-_ndownarrowtail,3
MnSymbol-_ndowndownarrows,3
MnSymbol-_ndownfootline,3
MnSymbol-_ndownlsquigarrow,3
MnSymbol-_ndownmodels,3
MnSymbol-_ndownuparrows,3
MnSymbol-_neModels,3
MnSymbol-_nfallingdotseq,3
MnSymbol-_ngeqclosed,3
MnSymbol-_ngtrdot,3
MnSymbol-_ngtrless,3
MnSymbol-_nlcurvearrowse,3
MnSymbol-_nlcurvearrowup,3
MnSymbol-_nleftarrowtail,3
MnSymbol-_nleftfootline,3
MnSymbol-_nleftfree,3
MnSymbol-_nleftlsquigarrow,3
MnSymbol-_nleftmodels,3
MnSymbol-_nleftrsquigarrow,3
MnSymbol-_nleqdot,3
MnSymbol-_nleqq,3
MnSymbol-_nleqslantdot,3
MnSymbol-_nlesseqgtr,3
MnSymbol-_nlhookleftarrow,3
MnSymbol-_nlhooknwarrow,3
MnSymbol-_nll,3
MnSymbol-_nlll,3
MnSymbol-_nneModels,3
MnSymbol-_nneVdash,3
MnSymbol-_nnearrowtail,3
MnSymbol-_nnemapsto,3
MnSymbol-_nnwarrow,3
MnSymbol-_nnwmapsto,3
MnSymbol-_nnwsearrows,3
MnSymbol-_nnwvdash,3
MnSymbol-_nprecapprox,3
MnSymbol-_nrcirclearrowleft,3
MnSymbol-_nrcirclearrowup,3
MnSymbol-_nrcurvearrownw,3
MnSymbol-_nrcurvearrowse,3
MnSymbol-_nrhookleftarrow,3
MnSymbol-_nrhooknwarrow,3
MnSymbol-_nrhooksearrow,3
MnSymbol-_nrightfree,3
MnSymbol-_nrightlsquigarrow,3
MnSymbol-_nrightrightarrows,3
MnSymbol-_nrightrsquigarrow,3
MnSymbol-_nrisingdotseq,3
MnSymbol-_nseModels,3
MnSymbol-_nseVdash,3
MnSymbol-_nsearrowtail,3
MnSymbol-_nsefree,3
MnSymbol-_nselsquigarrow,3
MnSymbol-_nsesearrows,3
MnSymbol-_nsquigarrowdownup,3
MnSymbol-_nsquigarrowleftright,3
MnSymbol-_nsquigarrowsenw,3
MnSymbol-_nsuccapprox,3
MnSymbol-_nsuccsim,3
MnSymbol-_nswarrow,3
MnSymbol-_nswfree,3
MnSymbol-_nswlsquigarrow,3
MnSymbol-_nswmapsto,3
MnSymbol-_nupModels,3
MnSymbol-_nupVdash,3
MnSymbol-_nuparrowtail,3
MnSymbol-_nupdownarrow,3
MnSymbol-_nupmapsto,3
MnSymbol-_nuprsquigarrow,3
MnSymbol-_nwfootline,3
MnSymbol-_pentagram,3
MnSymbol-_plus,3
MnSymbol-_precapprox,3
MnSymbol-_precnsim,3
MnSymbol-_precsim,3
MnSymbol-_rightModels,3
MnSymbol-_rightVdash,3
MnSymbol-_rightfree,3
MnSymbol-_seModels,3
MnSymbol-_searrowtail,3
MnSymbol-_squigarrownesw,3
MnSymbol-_squigarrowswne,3
MnSymbol-_swModels,3
MnSymbol-_triplesim,3
MnSymbol-_upY,3
MnSymbol-_updownarrows,3
MnSymbol-_upfootline,3
MnSymbol-_uppropto,3
MnSymbol-_upslice,3
MnSymbol-_utimes,3
MnSymbol-_veedot,3
MnSymbol-_wedgedot,3
fdsymbol-_bigdoublewedge,3
fdsymbol-_bigsqcapdot,3
fdsymbol-_bigveedot,3
fdsymbol-_bumpeqq,3
fdsymbol-_capplus,3
fdsymbol-_circeq,3
fdsymbol-_cupplus,3
fdsymbol-_dashVv,3
fdsymbol-_divideontimes,3
fdsymbol-_dotplus,3
fdsymbol-_doublebarwedge,3
fdsymbol-_doublesqcap,3
fdsymbol-_doublesqcup,3
fdsymbol-_doublevee,3
fdsymbol-_equal,3
fdsymbol-_fallingdotseq,3
fdsymbol-_frownsmile,3
fdsymbol-_hdotdot,3
fdsymbol-_landdownint,3
fdsymbol-_lcircleleftint,3
fdsymbol-_longleftfootline,3
fdsymbol-_longrightfootline,3
fdsymbol-_nBumpeq,3
fdsymbol-_nDdashv,3
fdsymbol-_nLongmapsfrom,3
fdsymbol-_nVvdash,3
fdsymbol-_napproxeq,3
fdsymbol-_nbackcong,3
fdsymbol-_nbacksim,3
fdsymbol-_nbumpeq,3
fdsymbol-_ndoteq,3
fdsymbol-_neqdot,3
fdsymbol-_neqsim,3
fdsymbol-_neswharpoonnwse,3
fdsymbol-_nfallingdotseq,3
fdsymbol-_nfrowneq,3
fdsymbol-_nleftAssert,3
fdsymbol-_nleftassert,3
fdsymbol-_nleftfootline,3
fdsymbol-_nleftharpoonup,3
fdsymbol-_nleftrightharpoondownup,3
fdsymbol-_nlongmapsfrom,3
fdsymbol-_nneharpoonse,3
fdsymbol-_nneswharpoons,3
fdsymbol-_nnwseharpoons,3
fdsymbol-_nnwseharpoonswne,3
fdsymbol-_npreceqq,3
fdsymbol-_nrightVDash,3
fdsymbol-_nrightmodels,3
fdsymbol-_nrightvdash,3
fdsymbol-_nseharpoonne,3
fdsymbol-_nsmile,3
fdsymbol-_nsmilefrown,3
fdsymbol-_nstareq,3
fdsymbol-_nsuccapprox,3
fdsymbol-_nsuccsim,3
fdsymbol-_nswharpoonse,3
fdsymbol-_nupassert,3
fdsymbol-_nupdownharpoonleftright,3
fdsymbol-_nupdownharpoons,3
fdsymbol-_nupharpoonleft,3
fdsymbol-_nupvDash,3
fdsymbol-_nwseharpoonnesw,3
fdsymbol-_oiiint,3
fdsymbol-_preceqq,3
fdsymbol-_precnapprox,3
fdsymbol-_precneq,3
fdsymbol-_precneqq,3
fdsymbol-_rightAssert,3
fdsymbol-_rightY,3
fdsymbol-_sqcapdot,3
fdsymbol-_sqcapplus,3
fdsymbol-_swneharpoons,3
fdsymbol-_timesbar,3
fdsymbol-_triplesim,3
fdsymbol-_upY,3
fdsymbol-_updownharpoonleftright,3
fdsymbol-_updownharpoonrightleft,3
fdsymbol-_updownharpoons,3
fdsymbol-_vDdash,3
fdsymbol-_varsumint,3
fdsymbol-_veedoublebar,3
fdsymbol-_wedgedot,3
latex2e-_hat=,3
logix-_CircInvNt,3
logix-_CircMinusPlus,3
logix-_CircPls,3
logix-_CircPlusMinus,3
logix-_CircXor,3
logix-_DPlus,3
logix-_MulMapInv,3
logix-_NotDTrpTurn,3
logix-_NotMulMapInv,3
logix-_NotPre,3
logix-_NotSeq,3
logix-_NotTrpTurn,3
logix-_NotTurnDWavy,3
logix-_Pls,3
logix-_SbXor,3
mathabx-_DashV,3
mathabx-_Subset,3
mathabx-_Vvdash,3
mathabx-_boxbot,3
mathabx-_boxcirc,3
mathabx-_boxminus,3
mathabx-_boxslash,3
mathabx-_boxtop,3
mathabx-_boxtriangleup,3
mathabx-_curlyeqsucc,3
mathabx-_curvearrowleft,3
mathabx-_curvearrowleftright,3
mathabx-_dlsh,3
mathabx-_dotseq,3
mathabx-_doublebarwedge,3
mathabx-_doublecap,3
mathabx-_downdownharpoons,3
mathabx-_drsh,3
mathabx-_fallingdotseq,3
mathabx-_leftbarharpoon,3
mathabx-_leftleftharpoons,3
mathabx-_leftrightharpoon,3
mathabx-_leftsquigarrow,3
mathabx-_looparrowright,3
mathabx-_nDashv,3
mathabx-_nVDash,3
mathabx-_ndashv,3
mathabx-_notasymp,3
mathabx-_nprecapprox,3
mathabx-_nsqSubset,3
mathabx-_nsubset,3
mathabx-_nsuccsim,3
mathabx-_obot,3
mathabx-_otop,3
mathabx-_otriangleup,3
mathabx-_pluscirc,3
mathabx-_preccurlyeq,3
mathabx-_precnsim,3
mathabx-_righttoleftarrow,3
mathabx-_sqSupset,3
mathabx-_sqsupseteqq,3
mathabx-_subsetneqq,3
mathabx-_succapprox,3
mathabx-_succdot,3
mathabx-_supsetneqq,3
mathabx-_topdoteq,3
mathabx-_updownharpoons,3
mathabx-_upupharpoons,3
mathabx-_varsqsupsetneqq,3
mathabx-_varsubsetneqq,3
mathabx-_varsupsetneqq,3
stix-_DashV,3
stix-_Gt,3
stix-_Sqcap,3
stix-_Succ,3
stix-_Wedge,3
stix-_angleubar,3
stix-_approxeq,3
stix-_awint,3
stix-_bNot,3
stix-_backcong,3
stix-_bigtalloblong,3
stix-_boxast,3
stix-_boxbox,3
stix-_circeq,3
stix-_circledparallel,3
stix-_circledvert,3
stix-_cirmid,3
stix-_coloneq,3
stix-_concavediamond,3
stix-_concavediamondtickright,3
stix-_conjquant,3
stix-_csup,3
stix-_curlyeqprec,3
stix-_egsdot,3
stix-_eqcirc,3
stix-_eqcolon,3
stix-_eqqslantgtr,3
stix-_gesdot,3
stix-_ggg,3
stix-_gla,3
stix-_gneqq,3
stix-_iiiint,3
stix-_intcupup,3
stix-_intlarhk,3
stix-_langledot,3
stix-_lblkbrbrak,3
stix-_lbracklltick,3
stix-_lbrackubar,3
stix-_lbrackultick,3
stix-_leftarrowless,3
stix-_lesdoto,3
stix-_lesdotor,3
stix-_lesges,3
stix-_lll,3
stix-_lneqq,3
stix-_lnsim,3
stix-_longdashv,3
stix-_lowint,3
stix-_lowintup,3
stix-_measanglerdtose,3
stix-_measanglerutone,3
stix-_measangleultonw,3
stix-_measuredangle,3
stix-_minusrdots,3
stix-_neqslantgtr,3
stix-_ngtrless,3
stix-_nlessgtr,3
stix-_npolintup,3
stix-_nsqsubseteq,3
stix-_nsqsupset,3
stix-_obot,3
stix-_ogreaterthan,3
stix-_origof,3
stix-_precnapprox,3
stix-_precneqq,3
stix-_pushout,3
stix-_rblkbrbrak,3
stix-_rbracklrtick,3
stix-_rightarrowgtr,3
stix-_rightdbltail,3
stix-_rightfishtail,3
stix-_rsolbar,3
stix-_scpolint,3
stix-_sphericalangleup,3
stix-_subsetcirc,3
stix-_succapprox,3
stix-_succeqq,3
stix-_succnapprox,3
stix-_talloblong,3
stix-_tplus,3
stix-_triangletimes,3
stix-_upintup,3
stix-_varisins,3
stix-_veedot,3
stix-_veeonwedge,3
stix-_wedgedot,3
stmaryrd-_Ydown,3
stmaryrd-_boxcircle,3
stmaryrd-_boxdot,3
stmaryrd-_leftslice,3
stmaryrd-_obar,3
stmaryrd-_ovee,3
stmaryrd-_varobar,3
stmaryrd-_varovee,3
txfonts-_Coloneqq,3
txfonts-_Diamonddotleft,3
txfonts-_Diamondleft,3
txfonts-_boxdotRight,3
txfonts-_circledbar,3
txfonts-_circledbslash,3
txfonts-_circleddotleft,3
txfonts-_circledvee,3
txfonts-_eqqcolon,3
txfonts-_idotsint,3
txfonts-_multimapboth,3
txfonts-_multimapbothvert,3
txfonts-_multimapdotbothAvert,3
txfonts-_multimapdotbothB,3
txfonts-_multimapinv,3
txfonts-_nBumpeq,3
txfonts-_nbacksimeq,3
txfonts-_npreccurlyeq,3
txfonts-_npreceqq,3
txfonts-_nprecsim,3
txfonts-_nthickapprox,3
txfonts-_ntwoheadrightarrow,3
txfonts-_nvarparallelinv,3
txfonts-_oiiint,3
txfonts-_opentimes,3
txfonts-_sqcapplus,3
txfonts-_succeqq,3
MnSymbol-_bigovert,2
MnSymbol-_nefootline,2
MnSymbol-_smalltriangleright,2
fdsymbol-_doublecap,2
stix-_blackhourglass,2
stix-_btimes,2
stix-_divideontimes,2
stix-_fcmp,2
stix-_odotslashdot,2
txfonts-_Rrightarrow,2
txfonts-_varparallelinv,2
wasysym-_Join,2
MnSymbol-_Neswline,1
MnSymbol-_equalclosed,1
MnSymbol-_leftfootline,1
MnSymbol-_nleftVdash,1
MnSymbol-_nnemodels,1
MnSymbol-_nrightfootline,1
MnSymbol-_nwsecrossing,1
MnSymbol-_rcircleleftint,1
MnSymbol-_vbipropto,1
fdsymbol-_leftfootline,1
fdsymbol-_neswharpoonsenw,1
fdsymbol-_oint,1
fdsymbol-_upVDash,1
latex2e-_Vert,1
latex2e-_land,1
latex2e-_lnot,1
latex2e-_lor,1
latex2e-_vert,1
logix-_MulMap,1
mathabx-_boxasterisk,1
mathabx-_coasterisk,1
mathabx-_sqdoublecup,1
stix-_risingdotseq,1
stix-_varointclockwiseup,1
stmaryrd-_sslash,1
txfonts-_multimapdot,1
txfonts-_succneqq,1
MnSymbol-_Bumpeq,0
MnSymbol-_Downarrow,0
MnSymbol-_Leftarrow,0
MnSymbol-_Leftrightarrow,0
MnSymbol-_Leftrightline,0
MnSymbol-_Longleftarrow,0
MnSymbol-_Longleftrightarrow,0
MnSymbol-_Longrightarrow,0
MnSymbol-_Lsh,0
MnSymbol-_Nearrow,0
MnSymbol-_Neswarrow,0
MnSymbol-_Nwarrow,0
MnSymbol-_Nwsearrow,0
MnSymbol-_Nwseline,0
MnSymbol-_Rightarrow,0
MnSymbol-_Rsh,0
MnSymbol-_Searrow,0
MnSymbol-_Swarrow,0
MnSymbol-_Uparrow,0
MnSymbol-_Updownarrow,0
MnSymbol-_Updownline,0
MnSymbol-_amalg,0
MnSymbol-_approx,0
MnSymbol-_approxeq,0
MnSymbol-_ast,0
MnSymbol-_backapprox,0
MnSymbol-_backeqsim,0
MnSymbol-_backsim,0
MnSymbol-_backsimeq,0
MnSymbol-_between,0
MnSymbol-_bigcap,0
MnSymbol-_bigcapplus,0
MnSymbol-_bigcircle,0
MnSymbol-_bigcup,0
MnSymbol-_bigcupdot,0
MnSymbol-_bigcurlyvee,0
MnSymbol-_bigcurlywedge,0
MnSymbol-_bigdoublecurlywedge,0
MnSymbol-_bigdoublevee,0
MnSymbol-_bigdoublewedge,0
MnSymbol-_bigoast,0
MnSymbol-_bigocirc,0
MnSymbol-_bigodot,0
MnSymbol-_bigominus,0
MnSymbol-_bigoplus,0
MnSymbol-_bigoslash,0
MnSymbol-_bigotimes,0
MnSymbol-_bigsqcap,0
MnSymbol-_bigsqcapdot,0
MnSymbol-_bigsqcup,0
MnSymbol-_bigsqcupplus,0
MnSymbol-_bigtimes,0
MnSymbol-_bigvee,0
MnSymbol-_bigwedge,0
MnSymbol-_bigwedgedot,0
MnSymbol-_bowtie,0
MnSymbol-_boxdot,0
MnSymbol-_boxminus,0
MnSymbol-_boxplus,0
MnSymbol-_boxslash,0
MnSymbol-_boxtimes,0
MnSymbol-_boxvert,0
MnSymbol-_bullet,0
MnSymbol-_bumpeq,0
MnSymbol-_cap,0
MnSymbol-_cdot,0
MnSymbol-_circ,0
MnSymbol-_circeq,0
MnSymbol-_coloneq,0
MnSymbol-_cong,0
MnSymbol-_coprod,0
MnSymbol-_cup,0
MnSymbol-_curlyeqprec,0
MnSymbol-_curlyeqsucc,0
MnSymbol-_curlyvee,0
MnSymbol-_curlywedge,0
MnSymbol-_curvearrownwse,0
MnSymbol-_curvearrowrightleft,0
MnSymbol-_dasheddownarrow,0
MnSymbol-_dashedleftarrow,0
MnSymbol-_dashednearrow,0
MnSymbol-_dashednwarrow,0
MnSymbol-_dashedrightarrow,0
MnSymbol-_dashedsearrow,0
MnSymbol-_dashedswarrow,0
MnSymbol-_diamondbackslash,0
MnSymbol-_diamonddot,0
MnSymbol-_diamondminus,0
MnSymbol-_diamondplus,0
MnSymbol-_diamondslash,0
MnSymbol-_diamondtimes,0
MnSymbol-_div,0
MnSymbol-_doteq,0
MnSymbol-_doublecap,0
MnSymbol-_doublesqcap,0
MnSymbol-_doublewedge,0
MnSymbol-_downVdash,0
MnSymbol-_downY,0
MnSymbol-_downarrow,0
MnSymbol-_downarrowtail,0
MnSymbol-_downdownarrows,0
MnSymbol-_downfootline,0
MnSymbol-_downlsquigarrow,0
MnSymbol-_downmapsto,0
MnSymbol-_downmodels,0
MnSymbol-_downpropto,0
MnSymbol-_downrsquigarrow,0
MnSymbol-_downtherefore,0
MnSymbol-_downuparrows,0
MnSymbol-_downvdash,0
MnSymbol-_eqbump,0
MnSymbol-_eqcirc,0
MnSymbol-_eqsim,0
MnSymbol-_eqslantless,0
MnSymbol-_equiv,0
MnSymbol-_equivclosed,0
MnSymbol-_fallingdotseq,0
MnSymbol-_filleddiamond,0
MnSymbol-_filledmedsquare,0
MnSymbol-_filledmedtriangledown,0
MnSymbol-_filledmedtriangleleft,0
MnSymbol-_filledmedtriangleright,0
MnSymbol-_filledmedtriangleup,0
MnSymbol-_filledsquare,0
MnSymbol-_filledstar,0
MnSymbol-_filledtriangledown,0
MnSymbol-_filledtriangleleft,0
MnSymbol-_filledtriangleright,0
MnSymbol-_filledtriangleup,0
MnSymbol-_geq,0
MnSymbol-_geqclosed,0
MnSymbol-_geqq,0
MnSymbol-_geqslant,0
MnSymbol-_gg,0
MnSymbol-_ggg,0
MnSymbol-_gnapprox,0
MnSymbol-_gneqq,0
MnSymbol-_gnsim,0
MnSymbol-_gtr,0
MnSymbol-_gtrapprox,0
MnSymbol-_gtrclosed,0
MnSymbol-_gtrdot,0
MnSymbol-_gtreqless,0
MnSymbol-_gtrless,0
MnSymbol-_gtrsim,0
MnSymbol-_hbipropto,0
MnSymbol-_idotsint,0
MnSymbol-_iiiint,0
MnSymbol-_iiint,0
MnSymbol-_iint,0
MnSymbol-_int,0
MnSymbol-_landdownint,0
MnSymbol-_landupint,0
MnSymbol-_lcirclearrowdown,0
MnSymbol-_lcirclearrowleft,0
MnSymbol-_lcirclearrowright,0
MnSymbol-_lcirclearrowup,0
MnSymbol-_lcircleleftint,0
MnSymbol-_lcirclerightint,0
MnSymbol-_lcurvearrowdown,0
MnSymbol-_lcurvearrowleft,0
MnSymbol-_lcurvearrowne,0
MnSymbol-_lcurvearrownw,0
MnSymbol-_lcurvearrowright,0
MnSymbol-_lcurvearrowse,0
MnSymbol-_lcurvearrowsw,0
MnSymbol-_lcurvearrowup,0
MnSymbol-_leftVdash,0
MnSymbol-_leftY,0
MnSymbol-_leftarrow,0
MnSymbol-_leftarrowtail,0
MnSymbol-_lefthalfcup,0
MnSymbol-_leftleftarrows,0
MnSymbol-_leftlsquigarrow,0
MnSymbol-_leftmapsto,0
MnSymbol-_leftmodels,0
MnSymbol-_leftpropto,0
MnSymbol-_leftrightarrow,0
MnSymbol-_leftrightarrows,0
MnSymbol-_leftrightline,0
MnSymbol-_leftrsquigarrow,0
MnSymbol-_leftslice,0
MnSymbol-_lefttherefore,0
MnSymbol-_leftthreetimes,0
MnSymbol-_leftvdash,0
MnSymbol-_leq,0
MnSymbol-_leqclosed,0
MnSymbol-_leqq,0
MnSymbol-_leqslant,0
MnSymbol-_less,0
MnSymbol-_lessapprox,0
MnSymbol-_lessclosed,0
MnSymbol-_lesseqqgtr,0
MnSymbol-_lessgtr,0
MnSymbol-_lesssim,0
MnSymbol-_lhookdownarrow,0
MnSymbol-_lhookleftarrow,0
MnSymbol-_lhooknearrow,0
MnSymbol-_lhooknwarrow,0
MnSymbol-_lhookrightarrow,0
MnSymbol-_lhooksearrow,0
MnSymbol-_lhookswarrow,0
MnSymbol-_lhookuparrow,0
MnSymbol-_lightning,0
MnSymbol-_ll,0
MnSymbol-_lll,0
MnSymbol-_lnapprox,0
MnSymbol-_lneqq,0
MnSymbol-_lnsim,0
MnSymbol-_longleftarrow,0
MnSymbol-_longleftrightarrow,0
MnSymbol-_longmapsto,0
MnSymbol-_longrightarrow,0
MnSymbol-_looparrowleft,0
MnSymbol-_looparrowright,0
MnSymbol-_ltimes,0
MnSymbol-_medbackslash,0
MnSymbol-_meddiamond,0
MnSymbol-_medslash,0
MnSymbol-_medsquare,0
MnSymbol-_medstar,0
MnSymbol-_medtriangledown,0
MnSymbol-_medtriangleleft,0
MnSymbol-_medtriangleright,0
MnSymbol-_medtriangleup,0
MnSymbol-_minus,0
MnSymbol-_mp,0
MnSymbol-_nBumpeq,0
MnSymbol-_nDownarrow,0
MnSymbol-_nLeftarrow,0
MnSymbol-_nLeftrightarrow,0
MnSymbol-_nLeftrightline,0
MnSymbol-_nLleftarrow,0
MnSymbol-_nNearrow,0
MnSymbol-_nNeswarrow,0
MnSymbol-_nNeswline,0
MnSymbol-_nNwsearrow,0
MnSymbol-_nRightarrow,0
MnSymbol-_nSearrow,0
MnSymbol-_nSwarrow,0
MnSymbol-_nUparrow,0
MnSymbol-_nUpdownarrow,0
MnSymbol-_napprox,0
MnSymbol-_nbacksim,0
MnSymbol-_nbacksimeq,0
MnSymbol-_nbumpeq,0
MnSymbol-_ncirceq,0
MnSymbol-_ncong,0
MnSymbol-_ncurlyeqsucc,0
MnSymbol-_ndashednearrow,0
MnSymbol-_ndashedrightarrow,0
MnSymbol-_ndashedsearrow,0
MnSymbol-_ndashedswarrow,0
MnSymbol-_ndasheduparrow,0
MnSymbol-_ndoteq,0
MnSymbol-_ndownModels,0
MnSymbol-_ndownfree,0
MnSymbol-_ndownmapsto,0
MnSymbol-_ndownrsquigarrow,0
MnSymbol-_ndownvdash,0
MnSymbol-_neVdash,0
MnSymbol-_nearrow,0
MnSymbol-_nearrowtail,0
MnSymbol-_nelsquigarrow,0
MnSymbol-_nemapsto,0
MnSymbol-_nemodels,0
MnSymbol-_nenearrows,0
MnSymbol-_neqbump,0
MnSymbol-_neqcirc,0
MnSymbol-_neqdot,0
MnSymbol-_neqsim,0
MnSymbol-_neqslantgtr,0
MnSymbol-_neqslantless,0
MnSymbol-_nequal,0
MnSymbol-_nequiv,0
MnSymbol-_nersquigarrow,0
MnSymbol-_neswarrow,0
MnSymbol-_neswarrows,0
MnSymbol-_neswbipropto,0
MnSymbol-_neswline,0
MnSymbol-_nevdash,0
MnSymbol-_ngeq,0
MnSymbol-_ngeqq,0
MnSymbol-_ngeqslant,0
MnSymbol-_ngg,0
MnSymbol-_nggg,0
MnSymbol-_ngtr,0
MnSymbol-_ngtrclosed,0
MnSymbol-_ngtreqless,0
MnSymbol-_nlcirclearrowdown,0
MnSymbol-_nlcirclearrowleft,0
MnSymbol-_nlcirclearrowright,0
MnSymbol-_nlcurvearrowdown,0
MnSymbol-_nlcurvearrowleft,0
MnSymbol-_nlcurvearrowne,0
MnSymbol-_nlcurvearrownw,0
MnSymbol-_nlcurvearrowright,0
MnSymbol-_nlcurvearrowsw,0
MnSymbol-_nleftModels,0
MnSymbol-_nleftarrow,0
MnSymbol-_nleftleftarrows,0
MnSymbol-_nleftmapsto,0
MnSymbol-_nleftrightarrow,0
MnSymbol-_nleftrightarrows,0
MnSymbol-_nleftrightline,0
MnSymbol-_nleftvdash,0
MnSymbol-_nleq,0
MnSymbol-_nleqclosed,0
MnSymbol-_nleqslant,0
MnSymbol-_nless,0
MnSymbol-_nlessclosed,0
MnSymbol-_nlessdot,0
MnSymbol-_nlesseqqgtr,0
MnSymbol-_nlessgtr,0
MnSymbol-_nlhookdownarrow,0
MnSymbol-_nlhooknearrow,0
MnSymbol-_nlhookrightarrow,0
MnSymbol-_nlhooksearrow,0
MnSymbol-_nlhookswarrow,0
MnSymbol-_nlhookuparrow,0
MnSymbol-_nnearrow,0
MnSymbol-_nnefootline,0
MnSymbol-_nnelsquigarrow,0
MnSymbol-_nnenearrows,0
MnSymbol-_nnersquigarrow,0
MnSymbol-_nneswarrow,0
MnSymbol-_nneswline,0
MnSymbol-_nnevdash,0
MnSymbol-_nnwVdash,0
MnSymbol-_nnwarrowtail,0
MnSymbol-_nnwlsquigarrow,0
MnSymbol-_nnwmodels,0
MnSymbol-_nnwnwarrows,0
MnSymbol-_nnwrsquigarrow,0
MnSymbol-_nnwsearrow,0
MnSymbol-_nnwseline,0
MnSymbol-_nprec,0
MnSymbol-_npreccurlyeq,0
MnSymbol-_npreceq,0
MnSymbol-_nprecsim,0
MnSymbol-_nrcirclearrowdown,0
MnSymbol-_nrcurvearrowdown,0
MnSymbol-_nrcurvearrowleft,0
MnSymbol-_nrcurvearrowne,0
MnSymbol-_nrcurvearrowright,0
MnSymbol-_nrcurvearrowsw,0
MnSymbol-_nrcurvearrowup,0
MnSymbol-_nrhookdownarrow,0
MnSymbol-_nrhooknearrow,0
MnSymbol-_nrhookrightarrow,0
MnSymbol-_nrhookswarrow,0
MnSymbol-_nrhookuparrow,0
MnSymbol-_nrightModels,0
MnSymbol-_nrightVdash,0
MnSymbol-_nrightarrow,0
MnSymbol-_nrightarrowtail,0
MnSymbol-_nrightleftarrows,0
MnSymbol-_nrightmapsto,0
MnSymbol-_nrightmodels,0
MnSymbol-_nrightvdash,0
MnSymbol-_nsearrow,0
MnSymbol-_nsemapsto,0
MnSymbol-_nsemodels,0
MnSymbol-_nsenwarrows,0
MnSymbol-_nsersquigarrow,0
MnSymbol-_nsevdash,0
MnSymbol-_nshortmid,0
MnSymbol-_nsim,0
MnSymbol-_nsimeq,0
MnSymbol-_nsquigarrowupdown,0
MnSymbol-_nsucc,0
MnSymbol-_nsucccurlyeq,0
MnSymbol-_nsucceq,0
MnSymbol-_nswVdash,0
MnSymbol-_nswmodels,0
MnSymbol-_nswnearrows,0
MnSymbol-_nswrsquigarrow,0
MnSymbol-_nswswarrows,0
MnSymbol-_nswvdash,0
MnSymbol-_ntwoheaddownarrow,0
MnSymbol-_ntwoheadleftarrow,0
MnSymbol-_ntwoheadnearrow,0
MnSymbol-_ntwoheadnwarrow,0
MnSymbol-_ntwoheadrightarrow,0
MnSymbol-_ntwoheadsearrow,0
MnSymbol-_ntwoheadswarrow,0
MnSymbol-_ntwoheaduparrow,0
MnSymbol-_nuparrow,0
MnSymbol-_nupdownarrows,0
MnSymbol-_nupdownline,0
MnSymbol-_nuplsquigarrow,0
MnSymbol-_nupmodels,0
MnSymbol-_nupuparrows,0
MnSymbol-_nupvdash,0
MnSymbol-_nwModels,0
MnSymbol-_nwVdash,0
MnSymbol-_nwarrow,0
MnSymbol-_nwarrowtail,0
MnSymbol-_nwlsquigarrow,0
MnSymbol-_nwmapsto,0
MnSymbol-_nwmodels,0
MnSymbol-_nwnwarrows,0
MnSymbol-_nwrsquigarrow,0
MnSymbol-_nwsearrow,0
MnSymbol-_nwsearrows,0
MnSymbol-_nwsebipropto,0
MnSymbol-_nwseline,0
MnSymbol-_nwvdash,0
MnSymbol-_oast,0
MnSymbol-_obackslash,0
MnSymbol-_ocirc,0
MnSymbol-_odot,0
MnSymbol-_oiint,0
MnSymbol-_oint,0
MnSymbol-_ominus,0
MnSymbol-_oplus,0
MnSymbol-_otimes,0
MnSymbol-_overt,0
MnSymbol-_partialvardlcircleleftint,0
MnSymbol-_partialvardlcirclerightint,0
MnSymbol-_partialvardrcircleleftint,0
MnSymbol-_partialvardrcirclerightint,0
MnSymbol-_partialvartlcircleleftint,0
MnSymbol-_partialvartlcirclerightint,0
MnSymbol-_partialvartrcircleleftint,0
MnSymbol-_partialvartrcirclerightint,0
MnSymbol-_pm,0
MnSymbol-_prec,0
MnSymbol-_preccurlyeq,0
MnSymbol-_preceq,0
MnSymbol-_precnapprox,0
MnSymbol-_prod,0
MnSymbol-_rcirclearrowdown,0
MnSymbol-_rcirclearrowleft,0
MnSymbol-_rcirclearrowright,0
MnSymbol-_rcirclearrowup,0
MnSymbol-_rcurvearrowdown,0
MnSymbol-_rcurvearrowleft,0
MnSymbol-_rcurvearrowne,0
MnSymbol-_rcurvearrownw,0
MnSymbol-_rcurvearrowright,0
MnSymbol-_rcurvearrowse,0
MnSymbol-_rcurvearrowsw,0
MnSymbol-_rcurvearrowup,0
MnSymbol-_rhookdownarrow,0
MnSymbol-_rhookleftarrow,0
MnSymbol-_rhooknearrow,0
MnSymbol-_rhooknwarrow,0
MnSymbol-_rhookrightarrow,0
MnSymbol-_rhooksearrow,0
MnSymbol-_rhookswarrow,0
MnSymbol-_rhookuparrow,0
MnSymbol-_rightY,0
MnSymbol-_rightarrow,0
MnSymbol-_rightarrowtail,0
MnSymbol-_righthalfcap,0
MnSymbol-_righthalfcup,0
MnSymbol-_rightleftarrows,0
MnSymbol-_rightlsquigarrow,0
MnSymbol-_rightmapsto,0
MnSymbol-_rightmodels,0
MnSymbol-_rightpropto,0
MnSymbol-_rightrightarrows,0
MnSymbol-_rightrsquigarrow,0
MnSymbol-_rightslice,0
MnSymbol-_righttherefore,0
MnSymbol-_rightthreetimes,0
MnSymbol-_rightvdash,0
MnSymbol-_risingdotseq,0
MnSymbol-_rtimes,0
MnSymbol-_seVdash,0
MnSymbol-_searrow,0
MnSymbol-_sefootline,0
MnSymbol-_selsquigarrow,0
MnSymbol-_semapsto,0
MnSymbol-_semodels,0
MnSymbol-_senwarrows,0
MnSymbol-_separated,0
MnSymbol-_sersquigarrow,0
MnSymbol-_sesearrows,0
MnSymbol-_sevdash,0
MnSymbol-_shortparallel,0
MnSymbol-_sim,0
MnSymbol-_simeq,0
MnSymbol-_slashdiv,0
MnSymbol-_smalldiamond,0
MnSymbol-_smallprod,0
MnSymbol-_smallsquare,0
MnSymbol-_smalltriangledown,0
MnSymbol-_smalltriangleleft,0
MnSymbol-_smalltriangleup,0
MnSymbol-_sqcap,0
MnSymbol-_sqcup,0
MnSymbol-_sqcupplus,0
MnSymbol-_squigarrownwse,0
MnSymbol-_squigarrowrightleft,0
MnSymbol-_strokedint,0
MnSymbol-_succ,0
MnSymbol-_succapprox,0
MnSymbol-_succcurlyeq,0
MnSymbol-_succeq,0
MnSymbol-_succnsim,0
MnSymbol-_succsim,0
MnSymbol-_sum,0
MnSymbol-_swVdash,0
MnSymbol-_swarrow,0
MnSymbol-_swarrowtail,0
MnSymbol-_swfootline,0
MnSymbol-_swlsquigarrow,0
MnSymbol-_swmapsto,0
MnSymbol-_swmodels,0
MnSymbol-_swnearrows,0
MnSymbol-_swrsquigarrow,0
MnSymbol-_swswarrows,0
MnSymbol-_swvdash,0
MnSymbol-_times,0
MnSymbol-_twoheaddownarrow,0
MnSymbol-_twoheadleftarrow,0
MnSymbol-_twoheadnearrow,0
MnSymbol-_twoheadnwarrow,0
MnSymbol-_twoheadrightarrow,0
MnSymbol-_twoheadsearrow,0
MnSymbol-_twoheadswarrow,0
MnSymbol-_twoheaduparrow,0
MnSymbol-_upModels,0
MnSymbol-_upVdash,0
MnSymbol-_uparrow,0
MnSymbol-_uparrowtail,0
MnSymbol-_updownarrow,0
MnSymbol-_updownline,0
MnSymbol-_upfree,0
MnSymbol-_uplsquigarrow,0
MnSymbol-_upmapsto,0
MnSymbol-_upmodels,0
MnSymbol-_uprsquigarrow,0
MnSymbol-_uptherefore,0
MnSymbol-_upuparrows,0
MnSymbol-_upvdash,0
MnSymbol-_vdotdot,0
MnSymbol-_vee,0
MnSymbol-_vertbowtie,0
MnSymbol-_vertdiv,0
MnSymbol-_wedge,0
MnSymbol-_wreath,0
fdsymbol-_Bumpeq,0
fdsymbol-_Doteq,0
fdsymbol-_Longmapsfrom,0
fdsymbol-_Vvdash,0
fdsymbol-_amalg,0
fdsymbol-_angle,0
fdsymbol-_approx,0
fdsymbol-_approxeq,0
fdsymbol-_ast,0
fdsymbol-_backpropto,0
fdsymbol-_backsim,0
fdsymbol-_backsimeq,0
fdsymbol-_barwedge,0
fdsymbol-_between,0
fdsymbol-_bigcap,0
fdsymbol-_bigcapdot,0
fdsymbol-_bigcup,0
fdsymbol-_bigcurlyvee,0
fdsymbol-_bigcurlywedge,0
fdsymbol-_bigdoublevee,0
fdsymbol-_bigoast,0
fdsymbol-_bigodot,0
fdsymbol-_bigoplus,0
fdsymbol-_bigotimes,0
fdsymbol-_bigplus,0
fdsymbol-_bigsqcap,0
fdsymbol-_bigsqcup,0
fdsymbol-_bigsqcupdot,0
fdsymbol-_bigtimes,0
fdsymbol-_bigvee,0
fdsymbol-_bigwedge,0
fdsymbol-_bowtie,0
fdsymbol-_bumpeq,0
fdsymbol-_cap,0
fdsymbol-_cdot,0
fdsymbol-_centerdot,0
fdsymbol-_cong,0
fdsymbol-_coprod,0
fdsymbol-_cup,0
fdsymbol-_curlyeqprec,0
fdsymbol-_curlyeqsucc,0
fdsymbol-_curlyvee,0
fdsymbol-_curlywedge,0
fdsymbol-_div,0
fdsymbol-_divslash,0
fdsymbol-_doteq,0
fdsymbol-_dotminus,0
fdsymbol-_doublecup,0
fdsymbol-_doublewedge,0
fdsymbol-_downAssert,0
fdsymbol-_downVDash,0
fdsymbol-_downVdash,0
fdsymbol-_downY,0
fdsymbol-_downassert,0
fdsymbol-_downharpoonleft,0
fdsymbol-_downharpoonright,0
fdsymbol-_downmodels,0
fdsymbol-_downvDash,0
fdsymbol-_downvdash,0
fdsymbol-_eqcirc,0
fdsymbol-_eqcolon,0
fdsymbol-_eqsim,0
fdsymbol-_equiv,0
fdsymbol-_fint,0
fdsymbol-_frown,0
fdsymbol-_idotsint,0
fdsymbol-_iiiint,0
fdsymbol-_iiint,0
fdsymbol-_iint,0
fdsymbol-_in,0
fdsymbol-_int,0
fdsymbol-_intbar,0
fdsymbol-_intercal,0
fdsymbol-_intprod,0
fdsymbol-_intprodr,0
fdsymbol-_leftAssert,0
fdsymbol-_leftVDash,0
fdsymbol-_leftVdash,0
fdsymbol-_leftY,0
fdsymbol-_leftassert,0
fdsymbol-_leftharpoondown,0
fdsymbol-_leftharpoonup,0
fdsymbol-_leftmodels,0
fdsymbol-_leftrightharpoons,0
fdsymbol-_leftthreetimes,0
fdsymbol-_leftvDash,0
fdsymbol-_leftvdash,0
fdsymbol-_longmapsfrom,0
fdsymbol-_ltimes,0
fdsymbol-_measuredangle,0
fdsymbol-_medbackslash,0
fdsymbol-_medslash,0
fdsymbol-_mid,0
fdsymbol-_minus,0
fdsymbol-_minusdot,0
fdsymbol-_mp,0
fdsymbol-_napprox,0
fdsymbol-_nbacksimeq,0
fdsymbol-_ncirceq,0
fdsymbol-_ncong,0
fdsymbol-_ndashVv,0
fdsymbol-_ndownAssert,0
fdsymbol-_ndownVdash,0
fdsymbol-_ndownassert,0
fdsymbol-_ndownharpoonleft,0
fdsymbol-_ndownharpoonright,0
fdsymbol-_ndownmodels,0
fdsymbol-_ndownvDash,0
fdsymbol-_ndownvdash,0
fdsymbol-_neharpoonnw,0
fdsymbol-_neharpoonse,0
fdsymbol-_neqcirc,0
fdsymbol-_nequal,0
fdsymbol-_nequiv,0
fdsymbol-_nfrown,0
fdsymbol-_nin,0
fdsymbol-_nleftVDash,0
fdsymbol-_nleftVdash,0
fdsymbol-_nleftharpoondown,0
fdsymbol-_nleftmodels,0
fdsymbol-_nleftrightharpoons,0
fdsymbol-_nleftvDash,0
fdsymbol-_nleftvdash,0
fdsymbol-_nlongleftfootline,0
fdsymbol-_nmid,0
fdsymbol-_nneharpoonnw,0
fdsymbol-_nnwharpoonne,0
fdsymbol-_nowns,0
fdsymbol-_nparallel,0
fdsymbol-_nprec,0
fdsymbol-_nprecapprox,0
fdsymbol-_npreccurlyeq,0
fdsymbol-_npreceq,0
fdsymbol-_nprecsim,0
fdsymbol-_nrightAssert,0
fdsymbol-_nrightVdash,0
fdsymbol-_nrightassert,0
fdsymbol-_nrightharpoondown,0
fdsymbol-_nrightharpoonup,0
fdsymbol-_nrightleftharpoons,0
fdsymbol-_nrightvDash,0
fdsymbol-_nrisingdotseq,0
fdsymbol-_nseharpoonsw,0
fdsymbol-_nshortmid,0
fdsymbol-_nshortparallel,0
fdsymbol-_nsim,0
fdsymbol-_nsimeq,0
fdsymbol-_nsucc,0
fdsymbol-_nsucccurlyeq,0
fdsymbol-_nsucceq,0
fdsymbol-_nswharpoonnw,0
fdsymbol-_ntriplesim,0
fdsymbol-_nupAssert,0
fdsymbol-_nupVDash,0
fdsymbol-_nupVdash,0
fdsymbol-_nupdownharpoonrightleft,0
fdsymbol-_nupharpoonright,0
fdsymbol-_nupmodels,0
fdsymbol-_nupvdash,0
fdsymbol-_nwharpoonne,0
fdsymbol-_nwharpoonsw,0
fdsymbol-_nwseharpoons,0
fdsymbol-_oiint,0
fdsymbol-_owns,0
fdsymbol-_parallel,0
fdsymbol-_plusdot,0
fdsymbol-_pm,0
fdsymbol-_prec,0
fdsymbol-_precapprox,0
fdsymbol-_preccurlyeq,0
fdsymbol-_preceq,0
fdsymbol-_precnsim,0
fdsymbol-_precsim,0
fdsymbol-_prod,0
fdsymbol-_propto,0
fdsymbol-_rcircleleftint,0
fdsymbol-_revangle,0
fdsymbol-_revmeasuredangle,0
fdsymbol-_rightVdash,0
fdsymbol-_rightangle,0
fdsymbol-_rightassert,0
fdsymbol-_rightharpoondown,0
fdsymbol-_rightharpoonup,0
fdsymbol-_rightleftharpoons,0
fdsymbol-_rightmodels,0
fdsymbol-_rightthreetimes,0
fdsymbol-_rightvDash,0
fdsymbol-_rightvdash,0
fdsymbol-_risingdotseq,0
fdsymbol-_rtimes,0
fdsymbol-_seharpoonne,0
fdsymbol-_seharpoonsw,0
fdsymbol-_senwharpoons,0
fdsymbol-_setminus,0
fdsymbol-_shortmid,0
fdsymbol-_shortparallel,0
fdsymbol-_sim,0
fdsymbol-_simeq,0
fdsymbol-_smile,0
fdsymbol-_smilefrown,0
fdsymbol-_sphericalangle,0
fdsymbol-_sphericalangledown,0
fdsymbol-_sphericalangleleft,0
fdsymbol-_sphericalangleup,0
fdsymbol-_sqcap,0
fdsymbol-_sqcup,0
fdsymbol-_succ,0
fdsymbol-_succcurlyeq,0
fdsymbol-_succeq,0
fdsymbol-_succnapprox,0
fdsymbol-_succneq,0
fdsymbol-_succneqq,0
fdsymbol-_succnsim,0
fdsymbol-_succsim,0
fdsymbol-_sum,0
fdsymbol-_swharpoonnw,0
fdsymbol-_swharpoonse,0
fdsymbol-_thickapprox,0
fdsymbol-_thicksim,0
fdsymbol-_times,0
fdsymbol-_upAssert,0
fdsymbol-_upVdash,0
fdsymbol-_upassert,0
fdsymbol-_upbowtie,0
fdsymbol-_upharpoonleft,0
fdsymbol-_upharpoonright,0
fdsymbol-_upmodels,0
fdsymbol-_upvDash,0
fdsymbol-_upvdash,0
fdsymbol-_varamalg,0
fdsymbol-_varcoprod,0
fdsymbol-_varprod,0
fdsymbol-_varsum,0
fdsymbol-_vdotdot,0
fdsymbol-_vdots,0
fdsymbol-_vee,0
fdsymbol-_veebar,0
fdsymbol-_veedot,0
fdsymbol-_veeeq,0
fdsymbol-_wedge,0
fdsymbol-_wreath,0
latex2e-*,0
latex2e-+,0
latex2e-_not_sqsubseteq,0
latex2e-_not_sqsupseteq,0
latex2e-_not_subset,0
latex2e-_not_subseteq,0
latex2e-_not_supset,0
latex2e-_not_supseteq,0
logix-_Asterick,0
logix-_CircAsterick,0
logix-_CircDivide,0
logix-_ClsEquv,0
logix-_ClsImpl,0
logix-_Conseq,0
logix-_DTimes,0
logix-_Divd,0
logix-_Divide,0
logix-_InvNt,0
logix-_Lnand,0
logix-_Lnor,0
logix-_Minus,0
logix-_MinusPlus,0
logix-_Model,0
logix-_MulMapDual,0
logix-_Nand,0
logix-_Nd,0
logix-_Ngt,0
logix-_Nor,0
logix-_NotClsEquv,0
logix-_NotClsImpl,0
logix-_NotConseq,0
logix-_NotModel,0
logix-_NotMulMap,0
logix-_NotMulMapDual,0
logix-_NotPreq,0
logix-_NotRule,0
logix-_NotSuc,0
logix-_NotSucq,0
logix-_NotTurn,0
logix-_Nt,0
logix-_Or,0
logix-_PlusMinus,0
logix-_Pre,0
logix-_Preq,0
logix-_Rule,0
logix-_Shfr,0
logix-_Suc,0
logix-_Sucq,0
logix-_Times,0
logix-_Turn,0
logix-_Xor,0
mathabx-_Asterisk,0
mathabx-_Bumpedeq,0
mathabx-_Dashv,0
mathabx-_Lsh,0
mathabx-_Rsh,0
mathabx-_Supset,0
mathabx-_Vdash,0
mathabx-_ast,0
mathabx-_barwedge,0
mathabx-_between,0
mathabx-_bigstar,0
mathabx-_blackdiamond,0
mathabx-_blacktriangledown,0
mathabx-_blacktriangleleft,0
mathabx-_blacktriangleright,0
mathabx-_blacktriangleup,0
mathabx-_botdoteq,0
mathabx-_boxbackslash,0
mathabx-_boxdot,0
mathabx-_boxplus,0
mathabx-_boxtimes,0
mathabx-_boxvoid,0
mathabx-_bumpedeq,0
mathabx-_cap,0
mathabx-_circeq,0
mathabx-_circlearrowleft,0
mathabx-_circlearrowright,0
mathabx-_coAsterisk,0
mathabx-_coloneq,0
mathabx-_cup,0
mathabx-_curlyeqprec,0
mathabx-_curlyvee,0
mathabx-_curlywedge,0
mathabx-_curvearrowbotleft,0
mathabx-_curvearrowbotleftright,0
mathabx-_curvearrowbotright,0
mathabx-_curvearrowright,0
mathabx-_divideontimes,0
mathabx-_divides,0
mathabx-_dotplus,0
mathabx-_downdownarrows,0
mathabx-_downharpoonleft,0
mathabx-_downharpoonright,0
mathabx-_downuparrows,0
mathabx-_eqbumped,0
mathabx-_eqcirc,0
mathabx-_leftarrow,0
mathabx-_leftharpoondown,0
mathabx-_leftharpoonup,0
mathabx-_leftleftarrows,0
mathabx-_leftrightarrow,0
mathabx-_leftrightarrows,0
mathabx-_leftrightharpoons,0
mathabx-_leftrightsquigarrow,0
mathabx-_lefttorightarrow,0
mathabx-_looparrowdownleft,0
mathabx-_looparrowdownright,0
mathabx-_looparrowleft,0
mathabx-_ltimes,0
mathabx-_nDashV,0
mathabx-_nLeftarrow,0
mathabx-_nLeftrightarrow,0
mathabx-_nRightarrow,0
mathabx-_nSubset,0
mathabx-_nSupset,0
mathabx-_nVdash,0
mathabx-_nVvash,0
mathabx-_napprox,0
mathabx-_ncong,0
mathabx-_ncurlyeqprec,0
mathabx-_ncurlyeqsucc,0
mathabx-_ndashV,0
mathabx-_ndashVv,0
mathabx-_nearrow,0
mathabx-_neq,0
mathabx-_nleftarrow,0
mathabx-_nleftrightarrow,0
mathabx-_notdivides,0
mathabx-_notequiv,0
mathabx-_notperp,0
mathabx-_nprec,0
mathabx-_npreccurlyeq,0
mathabx-_npreceq,0
mathabx-_nrightarrow,0
mathabx-_nsim,0
mathabx-_nsimeq,0
mathabx-_nsqsubset,0
mathabx-_nsqsubseteq,0
mathabx-_nsqsupset,0
mathabx-_nsqsupseteq,0
mathabx-_nsubseteq,0
mathabx-_nsubseteqq,0
mathabx-_nsucc,0
mathabx-_nsuccapprox,0
mathabx-_nsucccurlyeq,0
mathabx-_nsucceq,0
mathabx-_nsupset,0
mathabx-_nsupseteq,0
mathabx-_nsupseteqq,0
mathabx-_nvDash,0
mathabx-_nvdash,0
mathabx-_nwarrow,0
mathabx-_oasterisk,0
mathabx-_obackslash,0
mathabx-_ocirc,0
mathabx-_ocoasterisk,0
mathabx-_odot,0
mathabx-_ominus,0
mathabx-_oplus,0
mathabx-_oslash,0
mathabx-_otimes,0
mathabx-_ovoid,0
mathabx-_precapprox,0
mathabx-_precdot,0
mathabx-_precsim,0
mathabx-_restriction,0
mathabx-_rightarrow,0
mathabx-_rightharpoondown,0
mathabx-_rightharpoonup,0
mathabx-_rightleftarrows,0
mathabx-_rightleftharpoons,0
mathabx-_rightrightarrows,0
mathabx-_rightsquigarrow,0
mathabx-_risingdotseq,0
mathabx-_rtimes,0
mathabx-_searrow,0
mathabx-_smalltriangledown,0
mathabx-_smalltriangleleft,0
mathabx-_smalltriangleright,0
mathabx-_smalltriangleup,0
mathabx-_sqbullet,0
mathabx-_sqcap,0
mathabx-_sqcup,0
mathabx-_sqdoublecap,0
mathabx-_sqsubset,0
mathabx-_sqsubseteq,0
mathabx-_sqsupset,0
mathabx-_sqsupseteq,0
mathabx-_square,0
mathabx-_subset,0
mathabx-_subseteq,0
mathabx-_subseteqq,0
mathabx-_subsetneq,0
mathabx-_succcurlyeq,0
mathabx-_succnsim,0
mathabx-_succsim,0
mathabx-_supset,0
mathabx-_supseteq,0
mathabx-_supseteqq,0
mathabx-_supsetneq,0
mathabx-_swarrow,0
mathabx-_therefore,0
mathabx-_udot,0
mathabx-_updownarrows,0
mathabx-_upharpoonleft,0
mathabx-_upharpoonright,0
mathabx-_uplus,0
mathabx-_upuparrows,0
mathabx-_vDash,0
mathabx-_varsubsetneq,0
mathabx-_varsupsetneq,0
mathabx-_vee,0
mathabx-_veebar,0
mathabx-_veedoublebar,0
mathabx-_wedge,0
stix-_Barv,0
stix-_Bumpeq,0
stix-_Cap,0
stix-_Cup,0
stix-_Dashv,0
stix-_Equiv,0
stix-_Lbrbrak,0
stix-_Sqcup,0
stix-_Subset,0
stix-_Supset,0
stix-_VDash,0
stix-_Vbar,0
stix-_Vdash,0
stix-_amalg,0
stix-_angdnr,0
stix-_angle,0
stix-_approx,0
stix-_assert,0
stix-_ast,0
stix-_asymp,0
stix-_backsim,0
stix-_backsimeq,0
stix-_bagmember,0
stix-_barV,0
stix-_barcap,0
stix-_barcup,0
stix-_barvee,0
stix-_barwedge,0
stix-_between,0
stix-_bigcap,0
stix-_bigcup,0
stix-_bigodot,0
stix-_bigoplus,0
stix-_bigotimes,0
stix-_bigslopedvee,0
stix-_bigslopedwedge,0
stix-_bigsqcap,0
stix-_bigsqcup,0
stix-_bigtimes,0
stix-_biguplus,0
stix-_bigvee,0
stix-_bigwedge,0
stix-_bowtie,0
stix-_boxbar,0
stix-_boxcircle,0
stix-_boxdot,0
stix-_boxminus,0
stix-_boxplus,0
stix-_boxtimes,0
stix-_bsolhsub,0
stix-_bumpeq,0
stix-_cap,0
stix-_circledast,0
stix-_circledcirc,0
stix-_circleddash,0
stix-_circlehbar,0
stix-_cong,0
stix-_coprod,0
stix-_cup,0
stix-_curlyeqsucc,0
stix-_curlyvee,0
stix-_curlywedge,0
stix-_dagger,0
stix-_dashV,0
stix-_dashv,0
stix-_ddagger,0
stix-_diamond,0
stix-_disin,0
stix-_div,0
stix-_dotminus,0
stix-_dotplus,0
stix-_doublebarwedge,0
stix-_downfishtail,0
stix-_dsol,0
stix-_eparsl,0
stix-_eqgtr,0
stix-_eqless,0
stix-_eqqgtr,0
stix-_eqqless,0
stix-_eqsim,0
stix-_eqslantgtr,0
stix-_eqslantless,0
stix-_equiv,0
stix-_fbowtie,0
stix-_fint,0
stix-_fintup,0
stix-_forkv,0
stix-_fracslash,0
stix-_frown,0
stix-_geq,0
stix-_geqq,0
stix-_geqslant,0
stix-_gg,0
stix-_gnapprox,0
stix-_gneq,0
stix-_gnsim,0
stix-_gsime,0
stix-_gtcc,0
stix-_gtcir,0
stix-_gtlpar,0
stix-_gtrapprox,0
stix-_gtreqqless,0
stix-_gtrless,0
stix-_gtrsim,0
stix-_gvertneqq,0
stix-_hourglass,0
stix-_iiiintup,0
stix-_iiint,0
stix-_iiintup,0
stix-_iint,0
stix-_iintup,0
stix-_in,0
stix-_infty,0
stix-_int,0
stix-_intbar,0
stix-_intbarup,0
stix-_intclockwise,0
stix-_intercal,0
stix-_intprod,0
stix-_intprodr,0
stix-_intup,0
stix-_isinobar,0
stix-_lbag,0
stix-_lcurvyangle,0
stix-_leftthreetimes,0
stix-_leq,0
stix-_leqq,0
stix-_leqqslant,0
stix-_leqslant,0
stix-_lessapprox,0
stix-_lessdot,0
stix-_lesseqgtr,0
stix-_lesseqqgtr,0
stix-_lessgtr,0
stix-_lesssim,0
stix-_lhd,0
stix-_ll,0
stix-_llcorner,0
stix-_llparenthesis,0
stix-_lnapprox,0
stix-_lneq,0
stix-_lrcorner,0
stix-_lsime,0
stix-_ltcir,0
stix-_ltimes,0
stix-_lvertneqq,0
stix-_measuredangleleft,0
stix-_mid,0
stix-_midbarvee,0
stix-_midbarwedge,0
stix-_midcir,0
stix-_models,0
stix-_modtwosum,0
stix-_mp,0
stix-_multimap,0
stix-_multimapinv,0
stix-_ngeq,0
stix-_ngeqq,0
stix-_ngeqslant,0
stix-_ngg,0
stix-_ngtr,0
stix-_ngtrsim,0
stix-_ni,0
stix-_nisd,0
stix-_nleq,0
stix-_nleqq,0
stix-_nleqslant,0
stix-_nless,0
stix-_nlesssim,0
stix-_nll,0
stix-_notchar,0
stix-_nsqsubset,0
stix-_nsqsupseteq,0
stix-_nsubset,0
stix-_nsubseteq,0
stix-_nsubseteqq,0
stix-_nsupset,0
stix-_nsupseteq,0
stix-_nsupseteqq,0
stix-_obar,0
stix-_obslash,0
stix-_odot,0
stix-_oiint,0
stix-_oiintup,0
stix-_oint,0
stix-_ointctrclockwiseup,0
stix-_ointup,0
stix-_olessthan,0
stix-_ominus,0
stix-_oplus,0
stix-_oslash,0
stix-_otimes,0
stix-_parallel,0
stix-_partialmeetcontraction,0
stix-_perp,0
stix-_pitchfork,0
stix-_pm,0
stix-_prec,0
stix-_precapprox,0
stix-_preccurlyeq,0
stix-_preceq,0
stix-_precnsim,0
stix-_precsim,0
stix-_prod,0
stix-_propto,0
stix-_rbag,0
stix-_rbrackubar,0
stix-_rcurvyangle,0
stix-_revangle,0
stix-_revangleubar,0
stix-_revnmid,0
stix-_rhd,0
stix-_rightangle,0
stix-_rightthreetimes,0
stix-_rppolintup,0
stix-_rrparenthesis,0
stix-_rtimes,0
stix-_setminus,0
stix-_shortdowntack,0
stix-_shortlefttack,0
stix-_shortmid,0
stix-_shortparallel,0
stix-_shortuptack,0
stix-_shuffle,0
stix-_sim,0
stix-_simeq,0
stix-_smallfrown,0
stix-_smallin,0
stix-_smallni,0
stix-_smallsetminus,0
stix-_smallsmile,0
stix-_smile,0
stix-_sqcap,0
stix-_sqcup,0
stix-_sqint,0
stix-_sqintup,0
stix-_sqsubset,0
stix-_sqsubseteq,0
stix-_sqsupset,0
stix-_sqsupseteq,0
stix-_sslash,0
stix-_star,0
stix-_subset,0
stix-_subseteq,0
stix-_subseteqq,0
stix-_subsetneq,0
stix-_subsetneqq,0
stix-_succ,0
stix-_succcurlyeq,0
stix-_succeq,0
stix-_succnsim,0
stix-_succsim,0
stix-_sum,0
stix-_sumint,0
stix-_sumintup,0
stix-_suphsol,0
stix-_supset,0
stix-_supsetdot,0
stix-_supseteq,0
stix-_supseteqq,0
stix-_supsetneq,0
stix-_thickapprox,0
stix-_thicksim,0
stix-_threedotcolon,0
stix-_times,0
stix-_timesbar,0
stix-_tminus,0
stix-_topfork,0
stix-_triangle,0
stix-_triangleserifs,0
stix-_turnangle,0
stix-_ulcorner,0
stix-_unlhd,0
stix-_unrhd,0
stix-_upand,0
stix-_upin,0
stix-_upint,0
stix-_uplus,0
stix-_urcorner,0
stix-_vBar,0
stix-_vDash,0
stix-_vDdash,0
stix-_varVdash,0
stix-_varbarwedge,0
stix-_vardoublebarwedge,0
stix-_varisinobar,0
stix-_varnis,0
stix-_varointclockwise,0
stix-_varpropto,0
stix-_varsubsetneq,0
stix-_varsupsetneq,0
stix-_varveebar,0
stix-_vdash,0
stix-_vdots,0
stix-_vectimes,0
stix-_vee,0
stix-_veebar,0
stix-_veedoublebar,0
stix-_vertoverlay,0
stix-_vlongdash,0
stix-_vysmwhtcircle,0
stix-_wedge,0
stix-_wedgebar,0
stix-_wr,0
stmaryrd-_baro,0
stmaryrd-_bbslash,0
stmaryrd-_binampersand,0
stmaryrd-_bindnasrepma,0
stmaryrd-_boxbar,0
stmaryrd-_boxbslash,0
stmaryrd-_boxempty,0
stmaryrd-_fatbslash,0
stmaryrd-_minuso,0
stmaryrd-_oblong,0
stmaryrd-_obslash,0
stmaryrd-_ogreaterthan,0
stmaryrd-_olessthan,0
stmaryrd-_rightslice,0
stmaryrd-_varbigcirc,0
stmaryrd-_varcurlyvee,0
stmaryrd-_varcurlywedge,0
stmaryrd-_varoast,0
stmaryrd-_varobslash,0
stmaryrd-_varocircle,0
stmaryrd-_varodot,0
stmaryrd-_varogreaterthan,0
stmaryrd-_varominus,0
stmaryrd-_varoplus,0
stmaryrd-_varoslash,0
stmaryrd-_varotimes,0
stmaryrd-_varowedge,0
txfonts-_Nearrow,0
txfonts-_Nwarrow,0
txfonts-_Perp,0
txfonts-_Searrow,0
txfonts-_Swarrow,0
txfonts-_circledgtr,0
txfonts-_circledless,0
txfonts-_circledwedge,0
txfonts-_circleleft,0
txfonts-_circleright,0
txfonts-_eqsim,0
txfonts-_fint,0
txfonts-_invamp,0
txfonts-_lJoin,0
txfonts-_lrtimes,0
txfonts-_medbullet,0
txfonts-_medcirc,0
txfonts-_multimap,0
txfonts-_nVdash,0
txfonts-_napproxeq,0
txfonts-_nasymp,0
txfonts-_nbacksim,0
txfonts-_nbumpeq,0
txfonts-_nequiv,0
txfonts-_nsimeq,0
txfonts-_nsucccurlyeq,0
txfonts-_nsucceqq,0
txfonts-_nsuccsim,0
txfonts-_ntwoheadleftarrow,0
txfonts-_nvarparallel,0
txfonts-_oiint,0
txfonts-_ointclockwise,0
txfonts-_ointctrclockwise,0
txfonts-_rJoin,0
txfonts-_sqcupplus,0
txfonts-_sqint,0
txfonts-_varointclockwise,0
txfonts-_varointctrclockwise,0
txfonts-_varprod,0
